CO_CURSO;NT_GER;QT_ALUNOS;QE_I11_A;QE_I11_B;QE_I11_C;QE_I11_D;QE_I11_E;QE_I11_F;QE_I11_G;QE_I11_H;QE_I11_I;QE_I11_J;QE_I11_K;NT_GER_PREVISTA
10059;34.166666666666664;36;0.0;0.41304347826086957;0.391304347826087;0.0;0.043478260869565216;0.0;0.06521739130434782;0.021739130434782608;0.043478260869565216;0.0;0.021739130434782608;36.83230570108512
100684;30.02857142857143;7;0.0;0.625;0.0;0.0;0.125;0.0;0.0;0.125;0.125;0.0;0.0;33.20088866640101
100816;44.01904761904762;21;0.9090909090909091;0.0;0.09090909090909091;0.0;0.0;0.0;0.0;0.0;0.0;0.0;0.0;40.02652229198327
101318;44.56;10;0.0;0.45454545454545453;0.0;0.0;0.09090909090909091;0.09090909090909091;0.0;0.09090909090909091;0.18181818181818182;0.09090909090909091;0.0;35.98869550612042
101558;42.04090909090909;22;1.0;0.0;0.0;0.0;0.0;0.0;0.0;0.0;0.0;0.0;0.0;42.3127285162353
10159;26.613333333333333;15;0.0;0.16666666666666666;0.2222222222222222;0.1111111111111111;0.0;0.0;0.16666666666666666;0.05555555555555555;0.16666666666666666;0.05555555555555555;0.05555555555555555;33.463472009844516
101700;34.17777777777778;18;0.0;0.631578947368421;0.10526315789473684;0.0;0.0;0.0;0.05263157894736842;0.15789473684210525;0.05263157894736842;0.0;0.0;33.880575898850616
101710;35.80769230769231;13;0.0;0.07142857142857142;0.07142857142857142;0.0;0.0;0.0;0.07142857142857142;0.07142857142857142;0.5714285714285714;0.07142857142857142;0.07142857142857142;35.06335402511393
101712;39.25833333333333;24;1.0;0.0;0.0;0.0;0.0;0.0;0.0;0.0;0.0;0.0;0.0;42.3127285162353
101830;37.089999999999996;20;1.0;0.0;0.0;0.0;0.0;0.0;0.0;0.0;0.0;0.0;0.0;42.3127285162353
101942;35.676811594202896;69;0.9054054054054054;0.0;0.0;0.0;0.0;0.0;0.04054054054054054;0.05405405405405406;0.0;0.0;0.0;38.30366323361807
101984;44.44285714285714;14;0.8125;0.0;0.0;0.0;0.0;0.0;0.1875;0.0;0.0;0.0;0.0;37.257876978854895
102186;23.692857142857143;14;0.0;0.5333333333333333;0.0;0.0;0.13333333333333333;0.0;0.0;0.06666666666666667;0.13333333333333333;0.13333333333333333;0.0;34.940469104688184
102590;41.91818181818182;11;0.9473684210526315;0.05263157894736842;0.0;0.0;0.0;0.0;0.0;0.0;0.0;0.0;0.0;39.36274928762878
103062;42.34;35;0.9487179487179487;0.0;0.0;0.0;0.0;0.0;0.02564102564102564;0.0;0.02564102564102564;0.0;0.0;40.95735687904081
1032473;38.06;5;0.0;0.3333333333333333;0.0;0.16666666666666666;0.0;0.0;0.16666666666666666;0.16666666666666666;0.16666666666666666;0.0;0.0;33.96588205251734
103441;38.31333333333334;15;1.0;0.0;0.0;0.0;0.0;0.0;0.0;0.0;0.0;0.0;0.0;42.3127285162353
103806;32.6;2;0.0;0.5;0.5;0.0;0.0;0.0;0.0;0.0;0.0;0.0;0.0;38.03732489646447
104360;32.11176470588235;17;0.11764705882352941;0.11764705882352941;0.058823529411764705;0.0;0.7058823529411765;0.0;0.0;0.0;0.0;0.0;0.0;34.74823298353194
104498;25.688888888888886;9;0.0;0.6363636363636364;0.09090909090909091;0.0;0.0;0.0;0.0;0.09090909090909091;0.09090909090909091;0.09090909090909091;0.0;31.87651498996927
1047907;34.689473684210526;19;0.0;0.20833333333333334;0.125;0.0;0.2916666666666667;0.0;0.0;0.25;0.041666666666666664;0.08333333333333333;0.0;31.835519942761966
104836;28.308333333333334;12;0.0;0.0;0.25;0.08333333333333333;0.08333333333333333;0.0;0.08333333333333333;0.4166666666666667;0.0;0.08333333333333333;0.0;32.495854872188374
1050053;37.92;20;0.0;0.6;0.05;0.05;0.2;0.05;0.0;0.0;0.0;0.05;0.0;39.41541760694574
10515;37.06666666666667;9;0.0;0.5384615384615384;0.15384615384615385;0.0;0.15384615384615385;0.0;0.0;0.15384615384615385;0.0;0.0;0.0;36.486049377117645
105678;36.9;15;0.0;0.25;0.1875;0.0;0.125;0.0;0.0;0.25;0.0;0.1875;0.0;33.0887983317334
105728;39.33555555555555;90;0.0;0.0625;0.14583333333333334;0.11458333333333333;0.010416666666666666;0.03125;0.0;0.5;0.0;0.13541666666666666;0.0;36.48006472364555
1057622;41.88;5;0.0;0.0;0.2;0.4;0.0;0.0;0.0;0.2;0.2;0.0;0.0;33.86407734474929
105953;26.2;4;0.0;0.5;0.0;0.0;0.0;0.0;0.16666666666666666;0.16666666666666666;0.0;0.16666666666666666;0.0;34.679020879018225
1060033;44.279999999999994;5;0.0;0.0;0.0;0.0;0.0;0.0;0.0;1.0;0.0;0.0;0.0;35.93631607446735
106134;48.325;4;0.0;0.0;0.2;0.0;0.0;0.0;0.0;0.8;0.0;0.0;0.0;35.618268917300085
106167;36.913953488372094;43;0.9347826086956522;0.0;0.0;0.0;0.0;0.0;0.0;0.06521739130434782;0.0;0.0;0.0;41.72082910906934
106824;28.15;10;0.0;0.1;0.2;0.0;0.1;0.0;0.0;0.5;0.0;0.1;0.0;32.32211739253847
106996;27.101052631578945;95;0.0;0.11764705882352941;0.14705882352941177;0.0;0.13725490196078433;0.0196078431372549;0.049019607843137254;0.5196078431372549;0.0;0.00980392156862745;0.0;31.279735811741883
1070485;31.058823529411764;17;0.0;0.3157894736842105;0.2631578947368421;0.0;0.15789473684210525;0.0;0.0;0.15789473684210525;0.10526315789473684;0.0;0.0;33.040841356393244
107360;38.31304347826087;46;0.8076923076923077;0.019230769230769232;0.0;0.0;0.0;0.0;0.019230769230769232;0.1346153846153846;0.0;0.019230769230769232;0.0;34.701236643026526
107422;32.305;20;0.0;0.0;0.4090909090909091;0.45454545454545453;0.13636363636363635;0.0;0.0;0.0;0.0;0.0;0.0;35.84058840447102
107920;24.76842105263158;19;0.0;0.13636363636363635;0.09090909090909091;0.0;0.13636363636363635;0.045454545454545456;0.045454545454545456;0.36363636363636365;0.045454545454545456;0.13636363636363635;0.0;32.885068543478276
10814;36.50909090909091;44;0.0;0.26666666666666666;0.1111111111111111;0.0;0.17777777777777778;0.0;0.044444444444444446;0.35555555555555557;0.022222222222222223;0.0;0.022222222222222223;34.63193205236497
108660;29.325;68;0.9878048780487805;0.0;0.0;0.012195121951219513;0.0;0.0;0.0;0.0;0.0;0.0;0.0;32.761347259542895
109276;24.799999999999997;4;0.0;0.0;0.75;0.0;0.0;0.0;0.0;0.25;0.0;0.0;0.0;36.053147796163195
109476;35.171052631578945;38;0.025;0.175;0.225;0.075;0.225;0.025;0.0;0.075;0.05;0.125;0.0;36.47889268247648
1098645;42.0;3;0.0;0.0;0.0;0.6666666666666666;0.0;0.0;0.0;0.3333333333333333;0.0;0.0;0.0;36.15016946970936
1101244;40.29772727272727;44;1.0;0.0;0.0;0.0;0.0;0.0;0.0;0.0;0.0;0.0;0.0;42.3127285162353
1102342;50.81808510638297;94;0.9801980198019802;0.0;0.0;0.0;0.0;0.0;0.0;0.019801980198019802;0.0;0.0;0.0;45.10640581381227
1102628;44.18490566037736;53;1.0;0.0;0.0;0.0;0.0;0.0;0.0;0.0;0.0;0.0;0.0;42.3127285162353
1102636;43.334666666666664;75;0.9873417721518988;0.0;0.0;0.0;0.0;0.0;0.0;0.012658227848101266;0.0;0.0;0.0;42.98058977232621
1102674;46.371428571428574;35;0.9444444444444444;0.0;0.0;0.0;0.0;0.0;0.0;0.05555555555555555;0.0;0.0;0.0;41.76682905496572
1102774;43.77222222222222;18;1.0;0.0;0.0;0.0;0.0;0.0;0.0;0.0;0.0;0.0;0.0;42.3127285162353
1102783;28.722727272727273;22;0.9615384615384616;0.0;0.0;0.0;0.0;0.0;0.0;0.038461538461538464;0.0;0.0;0.0;39.39180284017131
1102793;39.62;10;1.0;0.0;0.0;0.0;0.0;0.0;0.0;0.0;0.0;0.0;0.0;42.3127285162353
1102800;40.721538461538465;65;0.8974358974358975;0.02564102564102564;0.0;0.0;0.0;0.0;0.01282051282051282;0.0641025641025641;0.0;0.0;0.0;41.288643803270205
1103034;41.018181818181816;11;1.0;0.0;0.0;0.0;0.0;0.0;0.0;0.0;0.0;0.0;0.0;42.3127285162353
1103723;35.309090909090905;11;0.0;0.13043478260869565;0.043478260869565216;0.34782608695652173;0.17391304347826086;0.30434782608695654;0.0;0.0;0.0;0.0;0.0;37.64894952363379
110428;36.81;10;0.0;0.5333333333333333;0.13333333333333333;0.0;0.0;0.0;0.2;0.13333333333333333;0.0;0.0;0.0;35.801255031815224
110528;50.4125;40;1.0;0.0;0.0;0.0;0.0;0.0;0.0;0.0;0.0;0.0;0.0;42.3127285162353
1105434;39.33;10;0.0;0.4166666666666667;0.0;0.0;0.0;0.0;0.0;0.4166666666666667;0.16666666666666666;0.0;0.0;32.56362112078588
1106427;30.099999999999998;9;1.0;0.0;0.0;0.0;0.0;0.0;0.0;0.0;0.0;0.0;0.0;42.3127285162353
1108692;40.093333333333334;15;0.0;0.3333333333333333;0.0;0.05555555555555555;0.05555555555555555;0.0;0.0;0.1111111111111111;0.3333333333333333;0.05555555555555555;0.05555555555555555;32.450904253589144
110926;35.44444444444444;9;0.8333333333333334;0.0;0.0;0.0;0.0;0.0;0.08333333333333333;0.08333333333333333;0.0;0.0;0.0;38.26772310863463
110974;41.983333333333334;18;0.0;0.45;0.25;0.0;0.15;0.0;0.0;0.05;0.0;0.05;0.05;39.43218528166264
110976;33.15909090909091;22;0.0;0.4090909090909091;0.3181818181818182;0.0;0.18181818181818182;0.0;0.0;0.0;0.0;0.045454545454545456;0.045454545454545456;38.325403014697336
1110;42.41794871794872;39;0.0;0.6829268292682927;0.14634146341463414;0.04878048780487805;0.04878048780487805;0.0;0.0;0.024390243902439025;0.0;0.024390243902439025;0.024390243902439025;39.65573265402255
111278;36.3;14;0.0;0.06666666666666667;0.0;0.0;0.13333333333333333;0.0;0.0;0.7333333333333333;0.06666666666666667;0.0;0.0;34.40152167974371
1113852;32.464;25;0.9230769230769231;0.0;0.0;0.0;0.0;0.0;0.0;0.038461538461538464;0.0;0.038461538461538464;0.0;41.512059800284725
1113854;29.642105263157898;19;0.8846153846153846;0.0;0.0;0.0;0.0;0.0;0.0;0.11538461538461539;0.0;0.0;0.0;36.24427889701196
1113886;49.3875;8;1.0;0.0;0.0;0.0;0.0;0.0;0.0;0.0;0.0;0.0;0.0;42.3127285162353
111476;40.71041666666667;48;0.0;0.44;0.32;0.0;0.0;0.0;0.06;0.12;0.0;0.04;0.02;35.75237728719259
1116093;32.22295081967213;61;0.014285714285714285;0.5;0.12857142857142856;0.07142857142857142;0.014285714285714285;0.0;0.014285714285714285;0.2;0.0;0.05714285714285714;0.0;32.58909283256591
1116224;29.823529411764707;17;0.0;0.5;0.2777777777777778;0.0;0.0;0.0;0.0;0.1111111111111111;0.1111111111111111;0.0;0.0;32.5922118704817
1116226;32.77777777777778;9;0.0;0.6363636363636364;0.09090909090909091;0.18181818181818182;0.0;0.0;0.0;0.09090909090909091;0.0;0.0;0.0;37.19439280900056
1117717;32.69;10;0.9090909090909091;0.0;0.0;0.0;0.0;0.0;0.0;0.09090909090909091;0.0;0.0;0.0;39.0443776635124
1117890;38.86060606060607;33;0.0;0.5714285714285714;0.2857142857142857;0.05714285714285714;0.02857142857142857;0.0;0.02857142857142857;0.02857142857142857;0.0;0.0;0.0;39.13255110697115
1118057;43.15;24;1.0;0.0;0.0;0.0;0.0;0.0;0.0;0.0;0.0;0.0;0.0;42.3127285162353
1118298;41.36486486486486;37;0.0;0.7843137254901961;0.0;0.0;0.0;0.0;0.0;0.058823529411764705;0.058823529411764705;0.09803921568627451;0.0;37.965945492486796
1119382;35.142920353982305;226;0.004297994269340974;0.4713467048710602;0.05730659025787966;0.0028653295128939827;0.02005730659025788;0.0028653295128939827;0.01002865329512894;0.33810888252148996;0.07163323782234957;0.015759312320916905;0.0057306590257879654;33.39854323917876
111980;25.976190476190474;84;0.02247191011235955;0.5393258426966292;0.20224719101123595;0.011235955056179775;0.033707865168539325;0.0;0.011235955056179775;0.14606741573033707;0.011235955056179775;0.02247191011235955;0.0;29.237820533422518
112086;34.257894736842104;19;1.0;0.0;0.0;0.0;0.0;0.0;0.0;0.0;0.0;0.0;0.0;42.3127285162353
1122221;49.23157894736842;76;0.978494623655914;0.0;0.0;0.0;0.0;0.0;0.010752688172043012;0.010752688172043012;0.0;0.0;0.0;43.20154567436092
11238;34.464999999999996;40;0.0;0.7142857142857143;0.047619047619047616;0.023809523809523808;0.11904761904761904;0.0;0.0;0.09523809523809523;0.0;0.0;0.0;36.08331330782007
112680;50.46666666666666;54;1.0;0.0;0.0;0.0;0.0;0.0;0.0;0.0;0.0;0.0;0.0;42.3127285162353
1126898;41.132558139534886;43;0.9772727272727273;0.0;0.0;0.0;0.0;0.0;0.0;0.0;0.022727272727272728;0.0;0.0;47.42123134640692
1127925;41.83428571428571;35;1.0;0.0;0.0;0.0;0.0;0.0;0.0;0.0;0.0;0.0;0.0;42.3127285162353
1128077;35.51315789473684;38;0.9523809523809523;0.023809523809523808;0.0;0.0;0.0;0.0;0.0;0.023809523809523808;0.0;0.0;0.0;41.036655663456614
1128364;45.94666666666667;30;0.972972972972973;0.0;0.0;0.0;0.0;0.0;0.0;0.02702702702702703;0.0;0.0;0.0;43.850577915295325
112846;38.94210526315789;19;1.0;0.0;0.0;0.0;0.0;0.0;0.0;0.0;0.0;0.0;0.0;42.3127285162353
112893;34.785714285714285;42;0.9545454545454546;0.0;0.0;0.0;0.0;0.0;0.0;0.045454545454545456;0.0;0.0;0.0;42.100194176820075
113124;43.225;12;0.0;0.5;0.0;0.0;0.08333333333333333;0.0;0.16666666666666666;0.25;0.0;0.0;0.0;35.18004285489877
1132918;46.145833333333336;24;1.0;0.0;0.0;0.0;0.0;0.0;0.0;0.0;0.0;0.0;0.0;42.3127285162353
113293;37.105000000000004;40;0.9782608695652174;0.0;0.0;0.0;0.0;0.0;0.0;0.021739130434782608;0.0;0.0;0.0;44.933905615857675
1134235;27.991666666666664;24;0.0;0.6;0.08;0.04;0.0;0.0;0.0;0.24;0.0;0.04;0.0;32.75105968357238
1134546;34.980000000000004;5;0.0;0.0;0.4;0.2;0.2;0.0;0.2;0.0;0.0;0.0;0.0;35.81562034203581
113455;32.10952380952381;21;1.0;0.0;0.0;0.0;0.0;0.0;0.0;0.0;0.0;0.0;0.0;42.3127285162353
1136142;44.54818181818182;110;0.9682539682539683;0.007936507936507936;0.0;0.0;0.0;0.0;0.0;0.023809523809523808;0.0;0.0;0.0;44.08984872160535
113687;32.223076923076924;13;1.0;0.0;0.0;0.0;0.0;0.0;0.0;0.0;0.0;0.0;0.0;42.3127285162353
1137717;42.62380952380953;21;0.9130434782608695;0.0;0.0;0.0;0.0;0.0;0.0;0.08695652173913043;0.0;0.0;0.0;41.558393859523584
113813;44.15;12;1.0;0.0;0.0;0.0;0.0;0.0;0.0;0.0;0.0;0.0;0.0;42.3127285162353
113937;38.733333333333334;6;0.0;0.5;0.0;0.0;0.1;0.0;0.0;0.4;0.0;0.0;0.0;36.00998932207553
1139692;42.96666666666667;12;1.0;0.0;0.0;0.0;0.0;0.0;0.0;0.0;0.0;0.0;0.0;42.3127285162353
114286;43.55094339622641;53;0.017857142857142856;0.5178571428571429;0.07142857142857142;0.0;0.017857142857142856;0.0;0.017857142857142856;0.35714285714285715;0.0;0.0;0.0;37.50268308269222
11452;44.507999999999996;75;0.9333333333333333;0.0;0.0;0.0;0.0;0.0;0.0;0.04;0.02666666666666667;0.0;0.0;42.108669368920324
114616;35.62;25;0.0;0.35714285714285715;0.17857142857142858;0.0;0.03571428571428571;0.0;0.03571428571428571;0.25;0.14285714285714285;0.0;0.0;31.99762567289637
1148708;35.005;20;0.0;0.30434782608695654;0.43478260869565216;0.0;0.08695652173913043;0.043478260869565216;0.0;0.08695652173913043;0.043478260869565216;0.0;0.0;38.67590205766772
114918;29.29;10;0.0;0.0;0.0;0.2;0.1;0.1;0.0;0.3;0.3;0.0;0.0;33.49762153906772
1152636;39.06;40;0.9333333333333333;0.0;0.0;0.0;0.0;0.0;0.0;0.022222222222222223;0.044444444444444446;0.0;0.0;40.75703259920675
115374;39.43571428571429;14;0.9473684210526315;0.0;0.0;0.0;0.0;0.0;0.0;0.05263157894736842;0.0;0.0;0.0;41.76682905496572
11554;47.64;20;0.9583333333333334;0.0;0.0;0.0;0.0;0.0;0.0;0.041666666666666664;0.0;0.0;0.0;42.06353401323758
115582;46.63552631578948;76;1.0;0.0;0.0;0.0;0.0;0.0;0.0;0.0;0.0;0.0;0.0;42.3127285162353
1155950;27.620754716981132;53;0.0;0.39285714285714285;0.03571428571428571;0.0;0.07142857142857142;0.0;0.017857142857142856;0.26785714285714285;0.17857142857142858;0.03571428571428571;0.0;30.525849529840702
115728;42.147761194029854;67;0.9871794871794872;0.0;0.0;0.0;0.0;0.0;0.01282051282051282;0.0;0.0;0.0;0.0;42.95686635641585
1159854;42.12608695652174;23;1.0;0.0;0.0;0.0;0.0;0.0;0.0;0.0;0.0;0.0;0.0;42.3127285162353
1160123;34.844;25;1.0;0.0;0.0;0.0;0.0;0.0;0.0;0.0;0.0;0.0;0.0;42.3127285162353
116066;39.345454545454544;11;1.0;0.0;0.0;0.0;0.0;0.0;0.0;0.0;0.0;0.0;0.0;42.3127285162353
1161428;33.255;20;0.0;0.14285714285714285;0.0;0.23809523809523808;0.09523809523809523;0.047619047619047616;0.0;0.19047619047619047;0.0;0.14285714285714285;0.14285714285714285;36.066555226575936
1161716;31.7625;8;0.0;0.2727272727272727;0.0;0.18181818181818182;0.18181818181818182;0.0;0.0;0.18181818181818182;0.18181818181818182;0.0;0.0;33.21381184167329
1161839;48.43;30;0.967741935483871;0.0;0.0;0.0;0.0;0.0;0.0;0.0;0.03225806451612903;0.0;0.0;47.23119366839696
116432;28.5;2;0.0;0.75;0.0;0.0;0.0;0.0;0.0;0.0;0.0;0.25;0.0;37.565305179888135
1164656;41.673770491803275;61;0.9701492537313433;0.0;0.0;0.0;0.0;0.0;0.0;0.029850746268656716;0.0;0.0;0.0;43.17256805477006
1165300;35.621875;32;0.0;0.3333333333333333;0.0;0.0;0.0;0.0;0.0;0.6666666666666666;0.0;0.0;0.0;35.09748648382725
1166783;36.87;10;0.9090909090909091;0.0;0.0;0.0;0.0;0.0;0.0;0.09090909090909091;0.0;0.0;0.0;39.0443776635124
1167288;32.86;5;0.0;0.16666666666666666;0.0;0.16666666666666666;0.16666666666666666;0.0;0.0;0.5;0.0;0.0;0.0;34.63641778058442
116770;40.656410256410254;39;0.9795918367346939;0.0;0.0;0.0;0.0;0.0;0.0;0.02040816326530612;0.0;0.0;0.0;45.0700619392124
1167817;39.403703703703705;27;1.0;0.0;0.0;0.0;0.0;0.0;0.0;0.0;0.0;0.0;0.0;42.3127285162353
1167859;31.666666666666668;9;0.0;0.08333333333333333;0.25;0.16666666666666666;0.08333333333333333;0.0;0.0;0.08333333333333333;0.08333333333333333;0.25;0.0;35.005024415424394
116868;39.74166666666667;24;0.9642857142857143;0.0;0.0;0.0;0.0;0.0;0.0;0.0;0.0;0.03571428571428571;0.0;42.161245958937315
116870;41.36842105263158;19;0.95;0.05;0.0;0.0;0.0;0.0;0.0;0.0;0.0;0.0;0.0;39.32784725770956
1169186;39.78333333333333;12;0.0;0.6428571428571429;0.14285714285714285;0.0;0.0;0.07142857142857142;0.14285714285714285;0.0;0.0;0.0;0.0;38.53180090614862
117022;40.705263157894734;19;0.0;0.2857142857142857;0.14285714285714285;0.047619047619047616;0.19047619047619047;0.3333333333333333;0.0;0.0;0.0;0.0;0.0;39.297341130413535
11730;38.30277777777778;36;0.0;0.6842105263157895;0.0;0.0;0.15789473684210525;0.0;0.10526315789473684;0.02631578947368421;0.0;0.02631578947368421;0.0;38.71631229968719
117500;23.450000000000003;2;0.0;0.0;0.0;0.0;0.0;0.0;0.0;1.0;0.0;0.0;0.0;35.93631607446735
117504;17.86;5;0.2;0.2;0.0;0.0;0.0;0.0;0.0;0.6;0.0;0.0;0.0;34.01250235370371
117532;42.705882352941174;17;0.0;0.4482758620689655;0.034482758620689655;0.06896551724137931;0.3448275862068966;0.034482758620689655;0.0;0.034482758620689655;0.0;0.034482758620689655;0.0;39.1688611672449
1178662;40.9;43;1.0;0.0;0.0;0.0;0.0;0.0;0.0;0.0;0.0;0.0;0.0;42.3127285162353
118002;42.4;25;1.0;0.0;0.0;0.0;0.0;0.0;0.0;0.0;0.0;0.0;0.0;42.3127285162353
1181115;30.819565217391304;46;0.8867924528301887;0.0;0.03773584905660377;0.0;0.0;0.0;0.018867924528301886;0.03773584905660377;0.018867924528301886;0.0;0.0;41.7146501179686
1181327;42.150000000000006;18;1.0;0.0;0.0;0.0;0.0;0.0;0.0;0.0;0.0;0.0;0.0;42.3127285162353
118336;39.11153846153846;26;0.9666666666666667;0.0;0.0;0.0;0.0;0.0;0.0;0.03333333333333333;0.0;0.0;0.0;39.99657195565022
118420;45.91269841269841;63;1.0;0.0;0.0;0.0;0.0;0.0;0.0;0.0;0.0;0.0;0.0;42.3127285162353
118468;44.695;20;1.0;0.0;0.0;0.0;0.0;0.0;0.0;0.0;0.0;0.0;0.0;42.3127285162353
1184949;42.425;4;0.0;0.75;0.0;0.0;0.0;0.0;0.0;0.25;0.0;0.0;0.0;36.35335038648827
1185556;34.39555555555555;45;0.0;0.38;0.06;0.0;0.1;0.0;0.0;0.46;0.0;0.0;0.0;35.44885507786802
1186930;35.98571428571429;28;0.0;0.71875;0.0625;0.0;0.0625;0.0;0.0;0.15625;0.0;0.0;0.0;36.29143317514834
1187671;33.2;20;1.0;0.0;0.0;0.0;0.0;0.0;0.0;0.0;0.0;0.0;0.0;42.3127285162353
1188468;33.775757575757574;33;0.0;0.2857142857142857;0.0;0.22857142857142856;0.11428571428571428;0.11428571428571428;0.0;0.14285714285714285;0.02857142857142857;0.08571428571428572;0.0;35.885647197019004
118994;27.736363636363638;22;0.0;0.4583333333333333;0.0;0.0;0.5;0.0;0.0;0.0;0.0;0.0;0.041666666666666664;35.0937189190211
1190071;34.21666666666667;66;0.9852941176470589;0.0;0.0;0.0;0.0;0.0;0.0;0.014705882352941176;0.0;0.0;0.0;42.59334803416375
1190145;27.7;6;1.0;0.0;0.0;0.0;0.0;0.0;0.0;0.0;0.0;0.0;0.0;42.3127285162353
1190311;33.38125;16;0.0;0.4117647058823529;0.17647058823529413;0.0;0.23529411764705882;0.0;0.0;0.17647058823529413;0.0;0.0;0.0;36.4913756367887
1190440;48.260000000000005;10;1.0;0.0;0.0;0.0;0.0;0.0;0.0;0.0;0.0;0.0;0.0;42.3127285162353
1191018;43.959375;32;0.9714285714285714;0.0;0.0;0.0;0.0;0.02857142857142857;0.0;0.0;0.0;0.0;0.0;43.108430923896584
1191217;46.37;10;1.0;0.0;0.0;0.0;0.0;0.0;0.0;0.0;0.0;0.0;0.0;42.3127285162353
1191221;35.5;19;1.0;0.0;0.0;0.0;0.0;0.0;0.0;0.0;0.0;0.0;0.0;42.3127285162353
1191224;37.044444444444444;9;1.0;0.0;0.0;0.0;0.0;0.0;0.0;0.0;0.0;0.0;0.0;42.3127285162353
1191268;32.32222222222222;9;1.0;0.0;0.0;0.0;0.0;0.0;0.0;0.0;0.0;0.0;0.0;42.3127285162353
1191646;34.34166666666667;24;0.0;0.2692307692307692;0.0;0.0;0.038461538461538464;0.0;0.038461538461538464;0.6538461538461539;0.0;0.0;0.0;34.67545303448606
119321;30.310000000000002;10;0.0;0.07692307692307693;0.07692307692307693;0.23076923076923078;0.07692307692307693;0.23076923076923078;0.23076923076923078;0.07692307692307693;0.0;0.0;0.0;37.10326351620046
1193782;30.678947368421053;19;0.0;0.4;0.05;0.25;0.15;0.05;0.0;0.05;0.05;0.0;0.0;36.21169807591921
120018;38.176785714285714;56;0.0;0.3114754098360656;0.14754098360655737;0.01639344262295082;0.04918032786885246;0.0;0.0;0.45901639344262296;0.0;0.01639344262295082;0.0;33.37560799863423
1203177;31.07;10;0.0;0.08333333333333333;0.16666666666666666;0.0;0.5;0.0;0.16666666666666666;0.08333333333333333;0.0;0.0;0.0;35.52243963940438
1203424;43.009375;32;0.0;0.4375;0.0;0.0;0.09375;0.0;0.0;0.40625;0.0;0.03125;0.03125;33.89010744123449
120385;46.768571428571434;35;0.975;0.0;0.0;0.0;0.0;0.0;0.025;0.0;0.0;0.0;0.0;43.055636833372645
1204325;37.15;20;0.0;0.391304347826087;0.21739130434782608;0.0;0.17391304347826086;0.0;0.0;0.13043478260869565;0.043478260869565216;0.043478260869565216;0.0;32.74697869677506
1204896;40.37692307692308;13;0.0;0.07142857142857142;0.2857142857142857;0.14285714285714285;0.07142857142857142;0.07142857142857142;0.0;0.07142857142857142;0.07142857142857142;0.07142857142857142;0.14285714285714285;37.83552063162336
1205617;32.81111111111111;9;0.0;0.4;0.6;0.0;0.0;0.0;0.0;0.0;0.0;0.0;0.0;37.51809420889326
1205761;38.78648648648648;37;0.0;0.15;0.05;0.2;0.125;0.125;0.0;0.2;0.075;0.025;0.05;35.99022349491106
1206881;36.60909090909091;11;1.0;0.0;0.0;0.0;0.0;0.0;0.0;0.0;0.0;0.0;0.0;42.3127285162353
120920;36.24444444444445;27;0.0;0.4074074074074074;0.1111111111111111;0.0;0.0;0.0;0.037037037037037035;0.4444444444444444;0.0;0.0;0.0;36.01004607636765
120932;36.02727272727273;11;0.0;0.45454545454545453;0.0;0.0;0.0;0.0;0.0;0.5454545454545454;0.0;0.0;0.0;35.618877006784594
121189;44.29090909090909;11;0.0;0.3333333333333333;0.06666666666666667;0.26666666666666666;0.0;0.0;0.06666666666666667;0.26666666666666666;0.0;0.0;0.0;36.11358193500227
1214055;36.59428571428571;35;0.0;0.4358974358974359;0.1794871794871795;0.0;0.07692307692307693;0.0;0.0;0.1794871794871795;0.10256410256410256;0.02564102564102564;0.0;31.543754726109047
1214936;48.64883720930233;43;0.9795918367346939;0.0;0.0;0.0;0.0;0.0;0.0;0.02040816326530612;0.0;0.0;0.0;45.0700619392124
1215466;41.63636363636363;11;0.0;0.5;0.08333333333333333;0.0;0.08333333333333333;0.0;0.0;0.08333333333333333;0.25;0.0;0.0;37.18487646071695
121636;41.09090909090909;22;0.9583333333333334;0.041666666666666664;0.0;0.0;0.0;0.0;0.0;0.0;0.0;0.0;0.0;39.932119269495566
121794;35.96666666666667;9;0.8;0.0;0.0;0.0;0.0;0.0;0.1;0.1;0.0;0.0;0.0;35.72287788401718
122330;39.663636363636364;22;0.9166666666666666;0.041666666666666664;0.041666666666666664;0.0;0.0;0.0;0.0;0.0;0.0;0.0;0.0;39.57691828318401
122536;20.740000000000002;10;0.08333333333333333;0.6666666666666666;0.0;0.0;0.0;0.0;0.0;0.16666666666666666;0.0;0.08333333333333333;0.0;33.52375052728125
122616;28.154545454545453;11;0.0;0.09090909090909091;0.2727272727272727;0.09090909090909091;0.09090909090909091;0.0;0.0;0.36363636363636365;0.0;0.09090909090909091;0.0;32.77652706086983
122845;44.66615384615385;65;0.971830985915493;0.0;0.0;0.0;0.0;0.0;0.0;0.014084507042253521;0.0;0.014084507042253521;0.0;43.15757285012169
12313;54.96521739130435;23;0.9310344827586207;0.0;0.0;0.0;0.0;0.0;0.0;0.06896551724137931;0.0;0.0;0.0;42.0094694345167
123429;42.71864406779661;59;0.96;0.0;0.0;0.0;0.0;0.0;0.0;0.013333333333333334;0.02666666666666667;0.0;0.0;42.472131017481715
1257566;34.95454545454545;22;0.0;0.6818181818181818;0.13636363636363635;0.09090909090909091;0.045454545454545456;0.0;0.0;0.0;0.045454545454545456;0.0;0.0;36.6818826727415
1258024;25.147727272727273;44;0.0;0.2127659574468085;0.1702127659574468;0.10638297872340426;0.0;0.0;0.02127659574468085;0.3829787234042553;0.0851063829787234;0.02127659574468085;0.0;30.550676949745263
1258063;25.6125;8;0.0;0.75;0.0;0.0;0.125;0.0;0.0;0.125;0.0;0.0;0.0;36.276587167490334
12581;52.06111111111111;72;0.9733333333333334;0.0;0.0;0.0;0.0;0.0;0.0;0.02666666666666667;0.0;0.0;0.0;43.90095161451056
1258851;36.143478260869564;23;0.0;0.34615384615384615;0.07692307692307693;0.038461538461538464;0.0;0.0;0.07692307692307693;0.11538461538461539;0.3076923076923077;0.038461538461538464;0.0;31.234843492021305
1258875;38.17272727272727;11;0.0;0.46153846153846156;0.07692307692307693;0.07692307692307693;0.23076923076923078;0.0;0.0;0.15384615384615385;0.0;0.0;0.0;36.58004436583088
1259035;30.733333333333334;9;0.0;0.1111111111111111;0.0;0.0;0.0;0.0;0.0;0.4444444444444444;0.0;0.4444444444444444;0.0;33.94306679338516
1260196;36.75;12;0.8333333333333334;0.0;0.0;0.0;0.0;0.0;0.0;0.16666666666666666;0.0;0.0;0.0;35.79600603586584
1260352;32.61333333333333;30;0.0;0.3548387096774194;0.12903225806451613;0.16129032258064516;0.0;0.0;0.03225806451612903;0.22580645161290322;0.06451612903225806;0.03225806451612903;0.0;31.888804868635752
1260461;32.25714285714286;7;0.0;0.0;0.0;0.0;0.0;0.0;0.0;0.8571428571428571;0.14285714285714285;0.0;0.0;34.939476801982714
1260475;28.3;7;0.0;0.2857142857142857;0.2857142857142857;0.0;0.0;0.0;0.0;0.42857142857142855;0.0;0.0;0.0;35.720707988044616
1261;44.849999999999994;18;0.0;0.5238095238095238;0.2857142857142857;0.047619047619047616;0.047619047619047616;0.047619047619047616;0.0;0.0;0.0;0.0;0.047619047619047616;39.484064012440754
1261089;39.542857142857144;7;0.0;0.0;0.6;0.0;0.0;0.0;0.0;0.4;0.0;0.0;0.0;35.80150255481017
1265146;35.55714285714286;21;1.0;0.0;0.0;0.0;0.0;0.0;0.0;0.0;0.0;0.0;0.0;42.3127285162353
1265453;31.182608695652174;23;1.0;0.0;0.0;0.0;0.0;0.0;0.0;0.0;0.0;0.0;0.0;42.3127285162353
1266540;37.225;32;0.0;0.5;0.0;0.047619047619047616;0.023809523809523808;0.0;0.0;0.3333333333333333;0.047619047619047616;0.047619047619047616;0.0;32.751169910346654
1267543;37.733333333333334;33;1.0;0.0;0.0;0.0;0.0;0.0;0.0;0.0;0.0;0.0;0.0;42.3127285162353
1269545;37.355555555555554;18;0.9444444444444444;0.0;0.05555555555555555;0.0;0.0;0.0;0.0;0.0;0.0;0.0;0.0;40.12883491204672
1269969;29.00714285714286;14;1.0;0.0;0.0;0.0;0.0;0.0;0.0;0.0;0.0;0.0;0.0;42.3127285162353
1269970;26.85151515151515;33;0.9696969696969697;0.0;0.0;0.0;0.0;0.0;0.0;0.030303030303030304;0.0;0.0;0.0;39.883330292369585
127;48.95294117647059;85;0.9900990099009901;0.009900990099009901;0.0;0.0;0.0;0.0;0.0;0.0;0.0;0.0;0.0;44.1996377946291
1270472;38.81428571428571;14;1.0;0.0;0.0;0.0;0.0;0.0;0.0;0.0;0.0;0.0;0.0;42.3127285162353
1270538;41.33888888888889;18;1.0;0.0;0.0;0.0;0.0;0.0;0.0;0.0;0.0;0.0;0.0;42.3127285162353
1270596;37.689655172413794;29;0.9090909090909091;0.0;0.0;0.0;0.0;0.0;0.0;0.09090909090909091;0.0;0.0;0.0;39.0443776635124
12710;50.26262626262626;99;0.9814814814814815;0.0;0.0;0.0;0.0;0.0;0.0;0.018518518518518517;0.0;0.0;0.0;45.10640581381227
1272012;50.49090909090909;22;1.0;0.0;0.0;0.0;0.0;0.0;0.0;0.0;0.0;0.0;0.0;42.3127285162353
1272079;44.71875;16;0.8888888888888888;0.0;0.0;0.0;0.0;0.0;0.0;0.1111111111111111;0.0;0.0;0.0;37.20498059145473
1279016;30.636;25;0.038461538461538464;0.2692307692307692;0.0;0.19230769230769232;0.23076923076923078;0.0;0.0;0.11538461538461539;0.07692307692307693;0.07692307692307693;0.0;32.781687926347246
1279023;43.95294117647059;17;0.0;0.16666666666666666;0.16666666666666666;0.16666666666666666;0.05555555555555555;0.05555555555555555;0.0;0.2222222222222222;0.05555555555555555;0.1111111111111111;0.0;36.39607779999904
1279527;26.47246376811594;69;0.0;0.4857142857142857;0.21428571428571427;0.11428571428571428;0.014285714285714285;0.0;0.014285714285714285;0.12857142857142856;0.014285714285714285;0.014285714285714285;0.0;31.991117718390477
1279551;30.916666666666668;24;0.0;0.6153846153846154;0.11538461538461539;0.038461538461538464;0.038461538461538464;0.0;0.0;0.07692307692307693;0.0;0.11538461538461539;0.0;38.33038877293229
1280431;43.67333333333333;30;1.0;0.0;0.0;0.0;0.0;0.0;0.0;0.0;0.0;0.0;0.0;42.3127285162353
1282899;34.8;8;0.0;0.25;0.5;0.0;0.125;0.0;0.125;0.0;0.0;0.0;0.0;37.54220867143669
1283028;37.45238095238095;21;0.05;0.25;0.25;0.0;0.0;0.0;0.0;0.05;0.4;0.0;0.0;35.982261481066864
12837;51.581818181818186;33;1.0;0.0;0.0;0.0;0.0;0.0;0.0;0.0;0.0;0.0;0.0;42.3127285162353
1286732;36.93333333333333;36;0.9459459459459459;0.0;0.0;0.0;0.0;0.0;0.0;0.02702702702702703;0.02702702702702703;0.0;0.0;41.61569546599031
1288002;49.561904761904756;21;0.0;0.6363636363636364;0.0;0.0;0.13636363636363635;0.0;0.0;0.18181818181818182;0.0;0.045454545454545456;0.0;35.128107328191675
1288839;35.19666666666667;30;0.8125;0.0;0.0625;0.0;0.0;0.0;0.0;0.125;0.0;0.0;0.0;35.877839764519926
1292727;36.72272727272727;44;0.9791666666666666;0.0;0.020833333333333332;0.0;0.0;0.0;0.0;0.0;0.0;0.0;0.0;43.046556525996124
1292900;31.341129032258067;124;0.026845637583892617;0.7583892617449665;0.020134228187919462;0.0;0.013422818791946308;0.0;0.0;0.12080536912751678;0.006711409395973154;0.040268456375838924;0.013422818791946308;31.203978403646225
12946;58.525;48;1.0;0.0;0.0;0.0;0.0;0.0;0.0;0.0;0.0;0.0;0.0;42.3127285162353
1299927;38.945454545454545;11;1.0;0.0;0.0;0.0;0.0;0.0;0.0;0.0;0.0;0.0;0.0;42.3127285162353
1300284;24.666666666666668;9;0.0;0.0;0.1;0.1;0.1;0.0;0.1;0.4;0.0;0.0;0.2;34.086680589742485
1300429;41.945454545454545;11;1.0;0.0;0.0;0.0;0.0;0.0;0.0;0.0;0.0;0.0;0.0;42.3127285162353
1304525;35.43636363636364;11;0.0;0.0;0.0;0.0;0.09090909090909091;0.0;0.0;0.6363636363636364;0.0;0.2727272727272727;0.0;33.30878132506748
1306689;30.82972972972973;37;0.0;0.30434782608695654;0.13043478260869565;0.0;0.10869565217391304;0.0;0.021739130434782608;0.32608695652173914;0.043478260869565216;0.06521739130434782;0.0;31.208669873556364
1308208;34.54666666666667;15;0.0;0.6875;0.1875;0.0;0.0;0.0;0.0625;0.0;0.0625;0.0;0.0;36.177740158193835
1310955;41.18571428571428;21;1.0;0.0;0.0;0.0;0.0;0.0;0.0;0.0;0.0;0.0;0.0;42.3127285162353
1312023;33.71666666666666;12;1.0;0.0;0.0;0.0;0.0;0.0;0.0;0.0;0.0;0.0;0.0;42.3127285162353
1313042;33.85357142857143;28;0.0;0.4482758620689655;0.20689655172413793;0.0;0.13793103448275862;0.0;0.034482758620689655;0.06896551724137931;0.0;0.0;0.10344827586206896;38.20527083322222
1313361;37.240625;32;0.9375;0.0;0.0;0.0;0.0;0.0;0.0;0.0625;0.0;0.0;0.0;41.71693257178241
1313407;36.672413793103445;29;0.9285714285714286;0.0;0.0;0.0;0.0;0.0;0.0;0.07142857142857142;0.0;0.0;0.0;41.953523351255235
1314243;37.43;40;0.9761904761904762;0.0;0.0;0.0;0.0;0.0;0.0;0.023809523809523808;0.0;0.0;0.0;44.29742885801546
1315444;34.55714285714286;7;0.0;0.14285714285714285;0.14285714285714285;0.0;0.14285714285714285;0.0;0.0;0.5714285714285714;0.0;0.0;0.0;34.2320741558395
1318224;34.71176470588235;17;1.0;0.0;0.0;0.0;0.0;0.0;0.0;0.0;0.0;0.0;0.0;42.3127285162353
13216;51.49655172413794;29;1.0;0.0;0.0;0.0;0.0;0.0;0.0;0.0;0.0;0.0;0.0;42.3127285162353
1322118;28.4;2;0.0;0.5;0.0;0.0;0.0;0.0;0.0;0.5;0.0;0.0;0.0;36.08940963224982
1322390;26.26851851851852;54;0.0;0.29310344827586204;0.06896551724137931;0.0;0.08620689655172414;0.017241379310344827;0.0;0.4482758620689655;0.05172413793103448;0.017241379310344827;0.017241379310344827;30.580381020777125
1322665;32.08421052631579;19;0.0;0.42105263157894735;0.0;0.0;0.47368421052631576;0.0;0.0;0.0;0.05263157894736842;0.0;0.05263157894736842;34.622738794350354
1323876;32.127272727272725;11;0.09090909090909091;0.45454545454545453;0.0;0.45454545454545453;0.0;0.0;0.0;0.0;0.0;0.0;0.0;36.50658344482598
1327439;34.016666666666666;6;0.8333333333333334;0.0;0.0;0.0;0.0;0.0;0.0;0.16666666666666666;0.0;0.0;0.0;35.79600603586584
13277;48.769999999999996;60;0.9841269841269841;0.0;0.0;0.0;0.0;0.0;0.0;0.015873015873015872;0.0;0.0;0.0;44.80498454867145
1328954;34.318604651162794;43;0.0;0.5316455696202531;0.06751054852320675;0.004219409282700422;0.016877637130801686;0.008438818565400843;0.02109704641350211;0.2489451476793249;0.08438818565400844;0.016877637130801686;0.0;30.61916622170061
1330347;43.29705882352941;34;1.0;0.0;0.0;0.0;0.0;0.0;0.0;0.0;0.0;0.0;0.0;42.3127285162353
1330352;32.291666666666664;24;0.9615384615384616;0.0;0.0;0.0;0.0;0.0;0.0;0.0;0.038461538461538464;0.0;0.0;39.92894041623386
1330896;34.33529411764706;17;0.8823529411764706;0.0;0.0;0.0;0.0;0.0;0.0;0.11764705882352941;0.0;0.0;0.0;36.34110719285063
1331611;36.095238095238095;21;0.9565217391304348;0.043478260869565216;0.0;0.0;0.0;0.0;0.0;0.0;0.0;0.0;0.0;39.89010029588731
1332183;48.849999999999994;2;0.0;1.0;0.0;0.0;0.0;0.0;0.0;0.0;0.0;0.0;0.0;37.55206764710461
13401;42.8734375;64;0.9428571428571428;0.0;0.0;0.0;0.0;0.0;0.0;0.04285714285714286;0.014285714285714285;0.0;0.0;42.17307179343131
1341371;44.17142857142857;7;1.0;0.0;0.0;0.0;0.0;0.0;0.0;0.0;0.0;0.0;0.0;42.3127285162353
1342408;37.97894736842105;19;0.95;0.05;0.0;0.0;0.0;0.0;0.0;0.0;0.0;0.0;0.0;39.32784725770956
13446;44.731914893617024;94;0.9509803921568627;0.0;0.0;0.0;0.0;0.0;0.0;0.029411764705882353;0.0196078431372549;0.0;0.0;41.76481906288356
1349140;30.570833333333336;24;0.0;0.24;0.12;0.16;0.0;0.0;0.04;0.44;0.0;0.0;0.0;35.359891508615846
1351760;31.876923076923074;26;0.0;0.0;0.1935483870967742;0.5806451612903226;0.0;0.22580645161290322;0.0;0.0;0.0;0.0;0.0;36.75224237954625
13595;48.35609756097561;123;0.9779411764705882;0.0;0.0;0.0;0.0;0.0;0.0;0.014705882352941176;0.007352941176470588;0.0;0.0;47.983623995593106
1359807;37.46;5;0.0;0.8333333333333334;0.0;0.0;0.16666666666666666;0.0;0.0;0.0;0.0;0.0;0.0;37.57736586156811
1364849;39.76111111111111;18;0.0;0.6190476190476191;0.09523809523809523;0.047619047619047616;0.047619047619047616;0.0;0.0;0.19047619047619047;0.0;0.0;0.0;36.6680901270483
13717;53.36833333333333;120;0.9927007299270073;0.0;0.0;0.0;0.0;0.0;0.0;0.0;0.0072992700729927005;0.0;0.0;48.765569888135616
1376000;40.1875;8;1.0;0.0;0.0;0.0;0.0;0.0;0.0;0.0;0.0;0.0;0.0;42.3127285162353
1376131;32.03125;16;0.9411764705882353;0.0;0.0;0.0;0.0;0.0;0.0;0.0;0.058823529411764705;0.0;0.0;39.4993463288348
1376181;35.10227272727273;44;0.0;0.08333333333333333;0.2708333333333333;0.020833333333333332;0.020833333333333332;0.0;0.16666666666666666;0.4375;0.0;0.0;0.0;34.336964376965945
1377489;41.892857142857146;14;1.0;0.0;0.0;0.0;0.0;0.0;0.0;0.0;0.0;0.0;0.0;42.3127285162353
1377509;37.2625;8;1.0;0.0;0.0;0.0;0.0;0.0;0.0;0.0;0.0;0.0;0.0;42.3127285162353
1378747;29.993333333333332;15;0.0;0.3684210526315789;0.10526315789473684;0.0;0.05263157894736842;0.0;0.0;0.3684210526315789;0.05263157894736842;0.05263157894736842;0.0;31.026314725346815
1379275;45.65;6;1.0;0.0;0.0;0.0;0.0;0.0;0.0;0.0;0.0;0.0;0.0;42.3127285162353
1379289;38.58;10;0.0;0.5384615384615384;0.05128205128205128;0.0;0.07692307692307693;0.02564102564102564;0.05128205128205128;0.20512820512820512;0.02564102564102564;0.02564102564102564;0.0;34.566026760283165
1382664;38.425;4;0.8571428571428571;0.0;0.0;0.0;0.0;0.0;0.0;0.14285714285714285;0.0;0.0;0.0;35.88117379102325
1382883;37.67;10;0.0;0.9285714285714286;0.0;0.0;0.0;0.0;0.0;0.07142857142857142;0.0;0.0;0.0;38.83406757688693
1385488;36.728571428571435;14;0.0;0.29411764705882354;0.11764705882352941;0.29411764705882354;0.058823529411764705;0.0;0.0;0.058823529411764705;0.17647058823529413;0.0;0.0;35.78962346172767
1385942;33.625;16;0.0;0.5294117647058824;0.11764705882352941;0.0;0.0;0.0;0.0;0.0;0.11764705882352941;0.11764705882352941;0.11764705882352941;35.184643964343074
13881;50.21951219512195;41;0.9534883720930233;0.0;0.0;0.0;0.0;0.0;0.0;0.046511627906976744;0.0;0.0;0.0;42.222069948204364
13980;44.85625;32;0.9705882352941176;0.029411764705882353;0.0;0.0;0.0;0.0;0.0;0.0;0.0;0.0;0.0;43.03718470802703
1403526;28.93846153846154;13;0.0;0.13333333333333333;0.13333333333333333;0.0;0.0;0.0;0.0;0.5333333333333333;0.13333333333333333;0.06666666666666667;0.0;31.103316741013245
1403868;38.9;3;0.0;0.3333333333333333;0.0;0.0;0.0;0.0;0.0;0.3333333333333333;0.3333333333333333;0.0;0.0;32.36931409594372
1403879;29.35;8;0.0;0.25;0.0;0.0;0.25;0.0;0.0;0.5;0.0;0.0;0.0;35.14209768196886
1404126;28.811999999999998;25;0.03571428571428571;0.6428571428571429;0.0;0.0;0.03571428571428571;0.0;0.0;0.25;0.0;0.03571428571428571;0.0;33.564343408547884
1404230;32.51428571428571;21;0.9545454545454546;0.0;0.0;0.0;0.0;0.0;0.045454545454545456;0.0;0.0;0.0;0.0;36.533158263558136
1404253;47.25;10;0.9;0.0;0.0;0.0;0.0;0.0;0.0;0.1;0.0;0.0;0.0;37.70837905848592
1405629;29.46;5;1.0;0.0;0.0;0.0;0.0;0.0;0.0;0.0;0.0;0.0;0.0;42.3127285162353
14098;44.608108108108105;37;0.9787234042553191;0.0;0.0;0.0;0.0;0.0;0.0;0.0;0.0;0.0;0.02127659574468085;43.15139182525134
14137;38.56333333333334;30;0.9696969696969697;0.0;0.0;0.0;0.0;0.0;0.0;0.030303030303030304;0.0;0.0;0.0;39.883330292369585
1420092;47.275000000000006;4;0.0;0.6;0.2;0.0;0.0;0.0;0.0;0.2;0.0;0.0;0.0;36.58882931823623
1420185;40.22941176470588;17;0.0;0.1111111111111111;0.1111111111111111;0.0;0.05555555555555555;0.0;0.0;0.7222222222222222;0.0;0.0;0.0;34.26478203629291
1420608;47.96666666666667;6;1.0;0.0;0.0;0.0;0.0;0.0;0.0;0.0;0.0;0.0;0.0;42.3127285162353
14217;51.17088607594937;79;0.9888888888888889;0.011111111111111112;0.0;0.0;0.0;0.0;0.0;0.0;0.0;0.0;0.0;44.1996377946291
1422296;54.333333333333336;3;0.0;0.0;0.0;0.0;0.0;0.0;0.0;0.8571428571428571;0.14285714285714285;0.0;0.0;34.939476801982714
1427562;26.977777777777778;9;0.0;0.38461538461538464;0.0;0.0;0.0;0.0;0.0;0.23076923076923078;0.38461538461538464;0.0;0.0;32.13231008793704
1427745;35.51428571428572;21;0.0;0.19230769230769232;0.07692307692307693;0.038461538461538464;0.038461538461538464;0.0;0.038461538461538464;0.6153846153846154;0.0;0.0;0.0;34.424231240960346
1443998;34.42;10;0.0;0.625;0.041666666666666664;0.0;0.0;0.0;0.0;0.3333333333333333;0.0;0.0;0.0;36.70849232717438
1451148;35.47142857142857;21;1.0;0.0;0.0;0.0;0.0;0.0;0.0;0.0;0.0;0.0;0.0;42.3127285162353
1452;43.68157894736842;76;0.9882352941176471;0.0;0.0;0.0;0.0;0.0;0.0;0.011764705882352941;0.0;0.0;0.0;43.00276749460399
1452880;36.042857142857144;21;0.0;0.6521739130434783;0.0;0.0;0.0;0.0;0.0;0.30434782608695654;0.043478260869565216;0.0;0.0;35.1427268251748
1458089;51.52;5;0.0;0.14285714285714285;0.2857142857142857;0.0;0.0;0.0;0.0;0.14285714285714285;0.2857142857142857;0.14285714285714285;0.0;32.231351437015185
1458091;40.925;8;1.0;0.0;0.0;0.0;0.0;0.0;0.0;0.0;0.0;0.0;0.0;42.3127285162353
14681;26.469565217391303;23;0.0;0.8333333333333334;0.0;0.0;0.0;0.0;0.0;0.125;0.0;0.041666666666666664;0.0;33.726365457511776
1468729;20.475;4;0.0;0.6;0.1;0.0;0.0;0.0;0.0;0.3;0.0;0.0;0.0;36.782874920067776
1473094;28.933333333333334;3;1.0;0.0;0.0;0.0;0.0;0.0;0.0;0.0;0.0;0.0;0.0;42.3127285162353
1486128;39.9;2;0.0;0.5;0.0;0.0;0.0;0.0;0.5;0.0;0.0;0.0;0.0;37.027321885297226
15002;41.81935483870968;62;0.9863013698630136;0.0;0.0;0.0;0.0;0.0;0.0;0.0136986301369863;0.0;0.0;0.0;42.940688377486715
150086;34.86046511627907;43;0.9574468085106383;0.0;0.0;0.0;0.02127659574468085;0.0;0.02127659574468085;0.0;0.0;0.0;0.0;40.309066374236835
150268;33.166666666666664;6;0.0;0.42857142857142855;0.0;0.0;0.2857142857142857;0.0;0.14285714285714285;0.14285714285714285;0.0;0.0;0.0;35.279480202227695
1507450;27.78333333333333;12;0.0;0.26666666666666666;0.2;0.0;0.0;0.0;0.3333333333333333;0.13333333333333333;0.06666666666666667;0.0;0.0;33.441512761445296
15103;34.52222222222222;18;0.0;0.5263157894736842;0.10526315789473684;0.0;0.15789473684210525;0.0;0.0;0.21052631578947367;0.0;0.0;0.0;36.43986864844777
15127;36.846428571428575;28;0.037037037037037035;0.5925925925925926;0.14814814814814814;0.0;0.07407407407407407;0.0;0.0;0.0;0.1111111111111111;0.037037037037037035;0.0;35.804213944137494
1524514;37.92857142857143;21;0.0;0.34615384615384615;0.07692307692307693;0.0;0.0;0.0;0.0;0.5769230769230769;0.0;0.0;0.0;35.39190397760225
15262;39.180952380952384;21;0.0;0.2727272727272727;0.0;0.0;0.045454545454545456;0.0;0.0;0.6818181818181818;0.0;0.0;0.0;34.705976620882566
1533190;42.35;2;0.0;0.6666666666666666;0.0;0.0;0.0;0.0;0.0;0.3333333333333333;0.0;0.0;0.0;36.74800151865378
15555;29.0;6;0.0;0.2857142857142857;0.14285714285714285;0.0;0.14285714285714285;0.0;0.0;0.2857142857142857;0.0;0.14285714285714285;0.0;32.757506151619516
1563272;28.2;3;0.0;0.0;0.25;0.0;0.0;0.0;0.0;0.5;0.25;0.0;0.0;32.821429964453344
15869;44.15918367346939;49;0.9824561403508771;0.017543859649122806;0.0;0.0;0.0;0.0;0.0;0.0;0.0;0.0;0.0;43.53520599231251
17077;31.950000000000003;8;0.0;0.5;0.0;0.0;0.0;0.0;0.5;0.0;0.0;0.0;0.0;37.027321885297226
1721;46.38125;16;0.0;0.1875;0.375;0.1875;0.0625;0.0;0.0;0.125;0.0;0.0625;0.0;35.494352507339805
17898;39.074999999999996;4;0.0;0.25;0.0;0.0;0.25;0.25;0.0;0.25;0.0;0.0;0.0;35.87593967321135
17937;30.097560975609756;41;0.0;0.391304347826087;0.21739130434782608;0.0;0.08695652173913043;0.0;0.13043478260869565;0.13043478260869565;0.021739130434782608;0.0;0.021739130434782608;33.314847497411805
18001;36.76216216216216;37;0.0;0.3076923076923077;0.10256410256410256;0.0;0.0;0.0;0.02564102564102564;0.48717948717948717;0.0;0.07692307692307693;0.0;33.2523987751211
18039;32.48518518518519;27;0.0;0.1111111111111111;0.4444444444444444;0.0;0.037037037037037035;0.0;0.0;0.3333333333333333;0.07407407407407407;0.0;0.0;33.58166982886817
18149;32.57857142857143;14;0.0;0.0;0.21428571428571427;0.14285714285714285;0.14285714285714285;0.07142857142857142;0.0;0.2857142857142857;0.14285714285714285;0.0;0.0;34.46100494685372
18162;33.059375;32;0.0;0.45454545454545453;0.0;0.030303030303030304;0.030303030303030304;0.0;0.030303030303030304;0.36363636363636365;0.030303030303030304;0.06060606060606061;0.0;32.840611853148495
18251;45.588;25;0.9230769230769231;0.0;0.0;0.0;0.0;0.0;0.038461538461538464;0.038461538461538464;0.0;0.0;0.0;40.82017933407448
18267;27.675;4;0.0;0.16666666666666666;0.0;0.5;0.0;0.0;0.0;0.0;0.0;0.0;0.3333333333333333;36.10218737022059
18280;25.75714285714286;7;0.0;0.08333333333333333;0.5;0.08333333333333333;0.08333333333333333;0.0;0.0;0.25;0.0;0.0;0.0;35.725509058618556
18285;36.843333333333334;30;0.0;0.5483870967741935;0.0;0.0;0.1935483870967742;0.0;0.0;0.22580645161290322;0.0;0.03225806451612903;0.0;34.49894247272498
18335;41.54788732394366;71;0.9583333333333334;0.0;0.0;0.0;0.0;0.0;0.013888888888888888;0.027777777777777776;0.0;0.0;0.0;41.85689602560744
18384;45.5;11;1.0;0.0;0.0;0.0;0.0;0.0;0.0;0.0;0.0;0.0;0.0;42.3127285162353
18387;40.69069767441861;43;0.9555555555555556;0.022222222222222223;0.0;0.0;0.0;0.0;0.0;0.022222222222222223;0.0;0.0;0.0;42.1151730708998
18518;43.73684210526316;19;1.0;0.0;0.0;0.0;0.0;0.0;0.0;0.0;0.0;0.0;0.0;42.3127285162353
18558;34.41875;16;1.0;0.0;0.0;0.0;0.0;0.0;0.0;0.0;0.0;0.0;0.0;42.3127285162353
18559;40.392857142857146;28;0.9714285714285714;0.0;0.0;0.0;0.0;0.0;0.02857142857142857;0.0;0.0;0.0;0.0;43.03472689013306
18584;33.872093023255815;43;0.9387755102040817;0.02040816326530612;0.0;0.0;0.0;0.0;0.02040816326530612;0.0;0.02040816326530612;0.0;0.0;40.931054886575104
18585;33.537142857142854;35;0.0;0.1388888888888889;0.2777777777777778;0.19444444444444445;0.027777777777777776;0.08333333333333333;0.027777777777777776;0.25;0.0;0.0;0.0;35.96197201474965
18624;34.60526315789474;19;0.0;0.32;0.08;0.0;0.04;0.0;0.04;0.36;0.08;0.04;0.04;30.20051470052371
18671;38.30625;16;1.0;0.0;0.0;0.0;0.0;0.0;0.0;0.0;0.0;0.0;0.0;42.3127285162353
18683;38.741379310344826;29;0.0;0.5142857142857142;0.2;0.0;0.2571428571428571;0.0;0.0;0.02857142857142857;0.0;0.0;0.0;38.841538252177955
18686;44.872727272727275;11;0.0;0.8333333333333334;0.08333333333333333;0.0;0.08333333333333333;0.0;0.0;0.0;0.0;0.0;0.0;37.73821867860818
18698;31.970370370370368;81;0.0;0.42168674698795183;0.0963855421686747;0.012048192771084338;0.0963855421686747;0.0;0.04819277108433735;0.20481927710843373;0.08433734939759036;0.024096385542168676;0.012048192771084338;29.75670113128571
18790;39.34871794871795;39;0.023255813953488372;0.627906976744186;0.0;0.0;0.18604651162790697;0.0;0.09302325581395349;0.06976744186046512;0.0;0.0;0.0;38.01656648063523
18818;37.34230769230769;26;0.0;0.6296296296296297;0.037037037037037035;0.07407407407407407;0.07407407407407407;0.0;0.0;0.1111111111111111;0.0;0.07407407407407407;0.0;34.034459844912874
18826;30.633333333333333;42;0.022727272727272728;0.3181818181818182;0.11363636363636363;0.0;0.11363636363636363;0.0;0.022727272727272728;0.18181818181818182;0.1590909090909091;0.06818181818181818;0.0;30.044243914193103
18833;26.382926829268293;41;0.0;0.3191489361702128;0.06382978723404255;0.0;0.1276595744680851;0.0;0.0;0.23404255319148937;0.23404255319148937;0.02127659574468085;0.0;29.852413554200847
18840;30.3875;32;0.0;0.4166666666666667;0.1388888888888889;0.0;0.0;0.0;0.0;0.16666666666666666;0.25;0.027777777777777776;0.0;30.76829115863209
18903;38.05263157894737;19;0.0;0.631578947368421;0.0;0.0;0.0;0.0;0.10526315789473684;0.0;0.2631578947368421;0.0;0.0;36.44461497301227
18930;35.833333333333336;3;0.0;0.5;0.0;0.0;0.25;0.0;0.0;0.25;0.0;0.0;0.0;36.31163293036691
18933;38.74285714285714;14;0.0;0.5625;0.0;0.0;0.4375;0.0;0.0;0.0;0.0;0.0;0.0;35.91314602058208
18957;32.01875;16;0.875;0.0;0.0;0.0;0.0;0.0;0.0;0.125;0.0;0.0;0.0;36.068976890123125
18974;37.20102040816327;98;0.009523809523809525;0.6666666666666666;0.09523809523809523;0.0;0.0;0.0;0.009523809523809525;0.17142857142857143;0.0;0.0;0.047619047619047616;36.709277244388765
19010;43.5375;8;0.0;0.5;0.125;0.0;0.0;0.0;0.0;0.375;0.0;0.0;0.0;36.65161566656836
1904;46.008;50;0.0;0.5849056603773585;0.20754716981132076;0.0;0.05660377358490566;0.0;0.0;0.018867924528301886;0.0;0.1320754716981132;0.0;39.701258822982396
19042;37.795;20;0.9523809523809523;0.0;0.0;0.0;0.0;0.0;0.0;0.047619047619047616;0.0;0.0;0.0;41.819545706237164
19047;33.454385964912284;57;0.01639344262295082;0.39344262295081966;0.14754098360655737;0.01639344262295082;0.09836065573770492;0.01639344262295082;0.0;0.22950819672131148;0.03278688524590164;0.03278688524590164;0.01639344262295082;31.21408179665554
19242;25.692105263157895;38;0.025;0.25;0.0;0.0;0.05;0.0;0.0;0.625;0.05;0.0;0.0;32.37683784010871
19360;35.21515151515151;33;0.0;0.2857142857142857;0.02857142857142857;0.02857142857142857;0.08571428571428572;0.0;0.0;0.5142857142857142;0.0;0.05714285714285714;0.0;33.782737000255565
19437;44.44166666666666;24;0.0;0.48;0.4;0.0;0.04;0.04;0.0;0.0;0.04;0.0;0.0;40.04264670849046
19505;35.12857142857143;21;0.0;0.2608695652173913;0.043478260869565216;0.0;0.0;0.0;0.0;0.6086956521739131;0.043478260869565216;0.043478260869565216;0.0;33.112322090112336
19508;34.776315789473685;38;0.0;0.11904761904761904;0.09523809523809523;0.07142857142857142;0.09523809523809523;0.023809523809523808;0.023809523809523808;0.47619047619047616;0.047619047619047616;0.0;0.047619047619047616;34.30443470872387
19510;32.676923076923075;13;0.0;0.35714285714285715;0.21428571428571427;0.0;0.21428571428571427;0.0;0.0;0.14285714285714285;0.07142857142857142;0.0;0.0;34.834699129213156
19517;27.50740740740741;27;0.0;0.3;0.06666666666666667;0.0;0.16666666666666666;0.0;0.06666666666666667;0.2;0.2;0.0;0.0;31.39644880976614
19521;30.04259259259259;54;0.016129032258064516;0.3870967741935484;0.0967741935483871;0.03225806451612903;0.06451612903225806;0.016129032258064516;0.0;0.16129032258064516;0.1935483870967742;0.016129032258064516;0.016129032258064516;30.078823162225007
19525;32.82380952380952;21;0.0;0.5;0.045454545454545456;0.0;0.09090909090909091;0.0;0.09090909090909091;0.18181818181818182;0.045454545454545456;0.045454545454545456;0.0;32.562455933236656
19548;26.48709677419355;62;0.013513513513513514;0.3918918918918919;0.06756756756756757;0.013513513513513514;0.06756756756756757;0.0;0.04054054054054054;0.24324324324324326;0.08108108108108109;0.08108108108108109;0.0;29.717120984309737
19558;27.08857142857143;35;0.0;0.6829268292682927;0.12195121951219512;0.0;0.024390243902439025;0.0;0.024390243902439025;0.04878048780487805;0.07317073170731707;0.024390243902439025;0.0;34.71568490171684
19595;46.35;2;0.0;0.0;0.0;0.0;0.6666666666666666;0.0;0.0;0.3333333333333333;0.0;0.0;0.0;35.58287358094343
19641;28.382978723404257;94;0.0;0.31683168316831684;0.09900990099009901;0.009900990099009901;0.0594059405940594;0.0;0.009900990099009901;0.4158415841584158;0.0594059405940594;0.019801980198019802;0.009900990099009901;30.450027652681673
19799;38.41372549019608;51;0.01818181818181818;0.6727272727272727;0.21818181818181817;0.0;0.01818181818181818;0.0;0.0;0.03636363636363636;0.0;0.01818181818181818;0.01818181818181818;39.34800785907062
19881;43.84615384615385;13;0.0;0.4666666666666667;0.13333333333333333;0.0;0.13333333333333333;0.0;0.06666666666666667;0.2;0.0;0.0;0.0;35.99381895408816
19910;24.62857142857143;28;0.0;0.59375;0.0625;0.125;0.03125;0.0;0.0625;0.09375;0.0;0.03125;0.0;31.97166500549889
19931;22.616666666666664;12;0.0;0.08333333333333333;0.25;0.0;0.08333333333333333;0.0;0.0;0.5;0.0;0.08333333333333333;0.0;32.50367271026642
19990;39.74615384615385;13;0.07142857142857142;0.42857142857142855;0.07142857142857142;0.21428571428571427;0.21428571428571427;0.0;0.0;0.0;0.0;0.0;0.0;36.98117067737933
20030;34.51311475409836;61;0.015384615384615385;0.36923076923076925;0.16923076923076924;0.0;0.18461538461538463;0.0;0.0;0.26153846153846155;0.0;0.0;0.0;35.96657195154517
20041;27.417441860465118;86;0.0;0.4845360824742268;0.041237113402061855;0.041237113402061855;0.041237113402061855;0.0;0.030927835051546393;0.12371134020618557;0.18556701030927836;0.05154639175257732;0.0;30.062838973295943
20065;43.665151515151514;66;0.9863013698630136;0.0;0.0136986301369863;0.0;0.0;0.0;0.0;0.0;0.0;0.0;0.0;42.9940174251628
20130;38.800000000000004;7;0.0;0.375;0.25;0.0;0.375;0.0;0.0;0.0;0.0;0.0;0.0;36.400162102973944
20239;45.13333333333333;24;1.0;0.0;0.0;0.0;0.0;0.0;0.0;0.0;0.0;0.0;0.0;42.3127285162353
20355;28.799999999999997;9;0.0;0.2;0.2;0.0;0.0;0.0;0.0;0.5;0.0;0.1;0.0;33.246402422494704
20361;41.1;19;0.0;0.05;0.4;0.05;0.05;0.0;0.1;0.35;0.0;0.0;0.0;35.49859326160945
20415;27.900000000000002;19;0.0;0.3;0.0;0.0;0.3;0.0;0.0;0.4;0.0;0.0;0.0;35.366358677173736
20466;35.68695652173913;23;0.0;0.21739130434782608;0.13043478260869565;0.17391304347826086;0.043478260869565216;0.0;0.043478260869565216;0.391304347826087;0.0;0.0;0.0;35.39219198232583
20469;37.11333333333334;30;0.0;0.21052631578947367;0.3684210526315789;0.15789473684210525;0.05263157894736842;0.07894736842105263;0.0;0.13157894736842105;0.0;0.0;0.0;36.768406696576136
20477;39.37826086956522;46;0.0;0.22448979591836735;0.061224489795918366;0.2653061224489796;0.061224489795918366;0.061224489795918366;0.02040816326530612;0.20408163265306123;0.061224489795918366;0.04081632653061224;0.0;36.81422948774425
20512;37.2625;8;0.0;0.18181818181818182;0.0;0.0;0.18181818181818182;0.0;0.0;0.6363636363636364;0.0;0.0;0.0;34.24716323038712
20588;47.81785714285714;28;0.0;0.42857142857142855;0.5357142857142857;0.0;0.0;0.0;0.0;0.03571428571428571;0.0;0.0;0.0;39.96062649745426
20615;43.63333333333333;12;0.0;0.5833333333333334;0.16666666666666666;0.0;0.08333333333333333;0.0;0.0;0.0;0.08333333333333333;0.08333333333333333;0.0;36.38989337257525
20709;33.33125;16;0.0;0.13636363636363635;0.6818181818181818;0.0;0.0;0.0;0.045454545454545456;0.045454545454545456;0.09090909090909091;0.0;0.0;34.88592055951162
20756;26.983333333333334;6;0.0;0.3333333333333333;0.0;0.0;0.0;0.0;0.0;0.3333333333333333;0.3333333333333333;0.0;0.0;32.36931409594372
20812;32.56;20;0.0;0.2;0.05;0.0;0.35;0.0;0.1;0.2;0.05;0.05;0.0;33.537559022547846
20818;30.555;20;0.05;0.25;0.15;0.15;0.1;0.05;0.0;0.0;0.15;0.05;0.05;35.26571069591953
20833;36.58571428571429;14;0.0;0.26666666666666666;0.2;0.06666666666666667;0.2;0.0;0.0;0.2;0.06666666666666667;0.0;0.0;34.78897352828971
20891;48.275;8;0.0;0.5555555555555556;0.0;0.0;0.3333333333333333;0.1111111111111111;0.0;0.0;0.0;0.0;0.0;38.43525664167021
2090;38.710344827586205;29;0.0;0.2903225806451613;0.1935483870967742;0.0;0.0967741935483871;0.0;0.0;0.03225806451612903;0.0;0.16129032258064516;0.22580645161290322;39.21145183247174
20933;36.98235294117647;17;1.0;0.0;0.0;0.0;0.0;0.0;0.0;0.0;0.0;0.0;0.0;42.3127285162353
20966;26.015384615384615;13;0.0;0.14285714285714285;0.5;0.0;0.2857142857142857;0.0;0.0;0.07142857142857142;0.0;0.0;0.0;38.55763291581122
20985;42.71111111111111;9;0.0;0.2222222222222222;0.1111111111111111;0.0;0.0;0.0;0.3333333333333333;0.3333333333333333;0.0;0.0;0.0;35.28543650242803
21017;37.6;13;0.0;0.26666666666666666;0.0;0.0;0.0;0.0;0.06666666666666667;0.4;0.26666666666666666;0.0;0.0;32.54749658289541
21103;29.540000000000003;15;0.0;0.6875;0.0;0.0;0.0625;0.0;0.125;0.125;0.0;0.0;0.0;35.434522725443095
21271;46.98275862068966;29;0.029411764705882353;0.6470588235294118;0.08823529411764706;0.0;0.029411764705882353;0.0;0.08823529411764706;0.11764705882352941;0.0;0.0;0.0;37.3911094915248
21295;36.27333333333333;15;0.0;0.23529411764705882;0.11764705882352941;0.0;0.0;0.0;0.11764705882352941;0.4117647058823529;0.11764705882352941;0.0;0.0;32.28459975499422
21353;31.775000000000002;12;0.0;0.3333333333333333;0.0;0.0;0.0;0.0;0.08333333333333333;0.16666666666666666;0.16666666666666666;0.16666666666666666;0.08333333333333333;32.42875104501519
21446;38.21411764705882;85;0.010526315789473684;0.5157894736842106;0.28421052631578947;0.0;0.010526315789473684;0.0;0.0;0.16842105263157894;0.0;0.0;0.010526315789473684;36.91773016435413
21464;41.827777777777776;18;0.0;0.13636363636363635;0.3181818181818182;0.0;0.13636363636363635;0.0;0.09090909090909091;0.22727272727272727;0.09090909090909091;0.0;0.0;33.305151643371175
21600;43.12589285714286;112;0.9534883720930233;0.007751937984496124;0.007751937984496124;0.0;0.0;0.0;0.007751937984496124;0.023255813953488372;0.0;0.0;0.0;42.10120775407083
21690;30.490476190476187;21;0.0;0.3181818181818182;0.045454545454545456;0.045454545454545456;0.045454545454545456;0.0;0.09090909090909091;0.36363636363636365;0.0;0.09090909090909091;0.0;33.372917542843126
21727;37.86666666666667;6;0.0;0.42857142857142855;0.14285714285714285;0.14285714285714285;0.14285714285714285;0.0;0.14285714285714285;0.0;0.0;0.0;0.0;37.12972340398103
21979;44.03506493506493;77;0.0;0.2125;0.3375;0.2;0.1125;0.075;0.0;0.0625;0.0;0.0;0.0;41.40832370048055
22012;36.65625;16;0.0;0.2777777777777778;0.16666666666666666;0.0;0.1111111111111111;0.0;0.0;0.3333333333333333;0.05555555555555555;0.05555555555555555;0.0;31.79418150622426
22017;37.325;16;0.0;0.5555555555555556;0.05555555555555555;0.0;0.16666666666666666;0.05555555555555555;0.0;0.05555555555555555;0.0;0.0;0.1111111111111111;39.79898966057815
22047;36.32857142857143;21;0.0;0.3181818181818182;0.045454545454545456;0.0;0.22727272727272727;0.0;0.0;0.4090909090909091;0.0;0.0;0.0;35.83570823793527
22061;29.299999999999997;2;0.0;0.0;0.0;0.0;0.6666666666666666;0.0;0.0;0.0;0.3333333333333333;0.0;0.0;35.31739762063208
22065;28.75;2;0.0;0.5;0.0;0.0;0.0;0.0;0.0;0.0;0.0;0.5;0.0;37.550120348659114
22070;41.922222222222224;18;0.0;0.3;0.05;0.0;0.1;0.05;0.0;0.4;0.0;0.1;0.0;36.12813967551629
2209;40.6089552238806;67;0.9876543209876543;0.0;0.0;0.0;0.0;0.0;0.0;0.012345679012345678;0.0;0.0;0.0;42.97052421097896
22110;32.23125;32;0.029411764705882353;0.08823529411764706;0.8529411764705882;0.0;0.029411764705882353;0.0;0.0;0.0;0.0;0.0;0.0;35.93153348414975
2310;36.47826086956522;23;0.0;0.52;0.08;0.0;0.32;0.0;0.0;0.08;0.0;0.0;0.0;38.409799254912016
2717;50.87352941176471;34;0.9767441860465116;0.0;0.0;0.0;0.0;0.0;0.0;0.023255813953488372;0.0;0.0;0.0;44.69126285222097
317;41.98170731707317;82;0.9764705882352941;0.011764705882352941;0.0;0.0;0.0;0.0;0.0;0.011764705882352941;0.0;0.0;0.0;43.472847883074934
318882;33.1;8;1.0;0.0;0.0;0.0;0.0;0.0;0.0;0.0;0.0;0.0;0.0;42.3127285162353
3190;46.42941176470588;34;0.8823529411764706;0.0;0.0;0.0;0.0;0.0;0.029411764705882353;0.08823529411764706;0.0;0.0;0.0;40.77183384545187
3193;45.24857142857143;35;1.0;0.0;0.0;0.0;0.0;0.0;0.0;0.0;0.0;0.0;0.0;42.3127285162353
3197;50.388461538461534;26;1.0;0.0;0.0;0.0;0.0;0.0;0.0;0.0;0.0;0.0;0.0;42.3127285162353
3211;41.66266666666667;75;0.9397590361445783;0.0;0.0;0.0;0.0;0.0;0.012048192771084338;0.04819277108433735;0.0;0.0;0.0;41.738263371804926
3419;48.77317073170732;41;0.9772727272727273;0.0;0.0;0.0;0.0;0.0;0.022727272727272728;0.0;0.0;0.0;0.0;43.055636833372645
3531;30.256249999999998;16;0.0;0.6842105263157895;0.0;0.0;0.05263157894736842;0.0;0.0;0.21052631578947367;0.0;0.0;0.05263157894736842;35.89238215468768
36;39.71388888888889;36;0.9736842105263158;0.0;0.0;0.0;0.0;0.0;0.0;0.02631578947368421;0.0;0.0;0.0;43.90095161451056
362880;35.475;4;0.8;0.0;0.0;0.0;0.0;0.0;0.0;0.2;0.0;0.0;0.0;35.56044873365776
3676;39.72666666666667;30;0.0;0.7428571428571429;0.0;0.0;0.08571428571428572;0.0;0.0;0.05714285714285714;0.11428571428571428;0.0;0.0;37.805711680306274
37303;30.389473684210525;38;0.05;0.4;0.0;0.0;0.075;0.0;0.025;0.3;0.075;0.075;0.0;31.628577438680136
37788;40.86;20;0.0;0.42857142857142855;0.047619047619047616;0.23809523809523808;0.19047619047619047;0.0;0.0;0.09523809523809523;0.0;0.0;0.0;36.10413052672476
37862;27.828070175438597;57;0.015873015873015872;0.5079365079365079;0.0;0.0;0.06349206349206349;0.0;0.09523809523809523;0.2857142857142857;0.0;0.031746031746031744;0.0;33.88581381253038
3858;33.04615384615385;13;0.0;0.23076923076923078;0.0;0.0;0.07692307692307693;0.0;0.5384615384615384;0.15384615384615385;0.0;0.0;0.0;34.71753271106497
3859;34.74285714285714;7;0.0;0.0;0.125;0.125;0.0;0.0;0.625;0.0;0.125;0.0;0.0;34.24786946802524
38834;28.23766233766234;77;0.012048192771084338;0.5060240963855421;0.07228915662650602;0.012048192771084338;0.024096385542168676;0.0;0.012048192771084338;0.20481927710843373;0.14457831325301204;0.012048192771084338;0.0;29.20903114394824
3935;39.233333333333334;18;0.0;0.38095238095238093;0.38095238095238093;0.0;0.09523809523809523;0.0;0.14285714285714285;0.0;0.0;0.0;0.0;37.50366758941896
39407;33.6125;16;0.0;0.35294117647058826;0.058823529411764705;0.17647058823529413;0.0;0.0;0.11764705882352941;0.17647058823529413;0.0;0.11764705882352941;0.0;34.72433643692754
40343;36.84285714285714;14;0.0;0.7058823529411765;0.058823529411764705;0.0;0.17647058823529413;0.0;0.0;0.0;0.0;0.058823529411764705;0.0;38.1519670671458
41238;38.71818181818182;33;0.9473684210526315;0.0;0.0;0.0;0.0;0.0;0.0;0.05263157894736842;0.0;0.0;0.0;41.76682905496572
41242;32.955999999999996;25;0.0;0.16129032258064516;0.0967741935483871;0.03225806451612903;0.16129032258064516;0.0;0.0967741935483871;0.22580645161290322;0.12903225806451613;0.0967741935483871;0.0;31.000219224518094
41266;34.736;25;0.0;0.14705882352941177;0.17647058823529413;0.0;0.08823529411764706;0.0;0.058823529411764705;0.38235294117647056;0.11764705882352941;0.029411764705882353;0.0;31.593760665148174
41710;44.59130434782608;23;0.0;0.23076923076923078;0.0;0.3076923076923077;0.038461538461538464;0.038461538461538464;0.038461538461538464;0.19230769230769232;0.038461538461538464;0.07692307692307693;0.038461538461538464;37.20445423832667
42236;35.166666666666664;12;0.0;0.5;0.08333333333333333;0.0;0.0;0.0;0.0;0.4166666666666667;0.0;0.0;0.0;36.62215354311068
43044;27.12777777777778;18;0.9565217391304348;0.0;0.0;0.0;0.0;0.0;0.043478260869565216;0.0;0.0;0.0;0.0;36.51486576546924
43257;38.62682926829268;41;0.0;0.46511627906976744;0.0;0.0;0.23255813953488372;0.0;0.023255813953488372;0.18604651162790697;0.06976744186046512;0.0;0.023255813953488372;35.54776391110999
43487;26.205479452054796;73;0.0;0.21951219512195122;0.13414634146341464;0.0;0.12195121951219512;0.0;0.024390243902439025;0.18292682926829268;0.2682926829268293;0.036585365853658534;0.012195121951219513;29.89648538429434
43645;30.869767441860468;43;0.0;0.4489795918367347;0.14285714285714285;0.0;0.02040816326530612;0.0;0.02040816326530612;0.10204081632653061;0.22448979591836735;0.02040816326530612;0.02040816326530612;30.352279829227463
43664;26.19782608695652;46;0.018867924528301886;0.33962264150943394;0.18867924528301888;0.018867924528301886;0.18867924528301888;0.0;0.0;0.09433962264150944;0.1320754716981132;0.018867924528301886;0.0;30.973305947630067
44016;40.756521739130434;23;0.0;0.48;0.16;0.04;0.16;0.0;0.0;0.04;0.04;0.0;0.08;38.96327129885767
44265;33.294117647058826;17;0.0;0.0;0.0;0.4117647058823529;0.0;0.23529411764705882;0.058823529411764705;0.17647058823529413;0.058823529411764705;0.058823529411764705;0.0;36.149030428729034
45096;39.095;20;0.0;0.7037037037037037;0.07407407407407407;0.0;0.037037037037037035;0.0;0.0;0.037037037037037035;0.1111111111111111;0.037037037037037035;0.0;36.18077531657166
4547;33.214285714285715;14;0.0;0.3888888888888889;0.0;0.0;0.16666666666666666;0.0;0.0;0.3888888888888889;0.05555555555555555;0.0;0.0;34.59478409494071
45850;44.24285714285714;7;0.0;0.42857142857142855;0.2857142857142857;0.0;0.0;0.0;0.0;0.2857142857142857;0.0;0.0;0.0;36.78171549621952
46017;36.84705882352941;17;0.0;0.3333333333333333;0.09523809523809523;0.0;0.2857142857142857;0.0;0.0;0.23809523809523808;0.047619047619047616;0.0;0.0;34.84260497985575
46112;35.35;4;0.0;0.25;0.0;0.0;0.0;0.0;0.0;0.5;0.0;0.25;0.0;34.28777872805416
46377;33.725;8;0.0;0.4;0.3;0.0;0.2;0.0;0.0;0.0;0.1;0.0;0.0;36.1548435762163
4675;30.233333333333334;6;0.0;0.6666666666666666;0.0;0.0;0.0;0.0;0.0;0.0;0.16666666666666666;0.16666666666666666;0.0;35.09751939064112
46884;31.835714285714285;14;0.0;0.4375;0.125;0.0;0.0625;0.0;0.0;0.25;0.0625;0.0;0.0625;34.09885470362943
46892;39.06842105263158;19;0.0;0.15789473684210525;0.42105263157894735;0.05263157894736842;0.0;0.0;0.05263157894736842;0.3157894736842105;0.0;0.0;0.0;36.103308251651924
46972;26.857142857142858;7;0.0;0.125;0.375;0.0;0.25;0.0;0.0;0.125;0.0;0.125;0.0;33.597023488311706
47051;36.06111111111111;18;0.0;0.5;0.1;0.0;0.2;0.0;0.05;0.1;0.0;0.0;0.05;36.42609672929115
47069;38.00869565217391;23;0.0;0.19230769230769232;0.23076923076923078;0.11538461538461539;0.3076923076923077;0.11538461538461539;0.0;0.038461538461538464;0.0;0.0;0.0;39.609010258151045
47113;35.583333333333336;18;0.0;0.5454545454545454;0.0;0.045454545454545456;0.13636363636363635;0.0;0.045454545454545456;0.09090909090909091;0.13636363636363635;0.0;0.0;34.284128854499414
47478;35.05;4;0.0;0.75;0.0;0.0;0.0;0.0;0.0;0.25;0.0;0.0;0.0;36.35335038648827
47505;37.306666666666665;15;0.0;0.25;0.1875;0.0;0.375;0.0;0.0;0.1875;0.0;0.0;0.0;36.14319482599195
47535;37.21578947368421;19;0.0;0.3333333333333333;0.14285714285714285;0.047619047619047616;0.3333333333333333;0.047619047619047616;0.0;0.09523809523809523;0.0;0.0;0.0;36.26332768442829
47603;23.661538461538463;13;0.0;0.058823529411764705;0.11764705882352941;0.058823529411764705;0.058823529411764705;0.0;0.058823529411764705;0.47058823529411764;0.17647058823529413;0.0;0.0;31.153366642088166
47630;27.366666666666664;12;0.0;0.26666666666666666;0.26666666666666666;0.06666666666666667;0.0;0.0;0.06666666666666667;0.26666666666666666;0.0;0.06666666666666667;0.0;33.66229623089656
47874;33.349999999999994;2;0.0;0.0;0.3333333333333333;0.3333333333333333;0.0;0.0;0.0;0.3333333333333333;0.0;0.0;0.0;36.42390356330722
47941;39.44444444444444;9;0.0;0.2222222222222222;0.0;0.0;0.5555555555555556;0.0;0.0;0.1111111111111111;0.1111111111111111;0.0;0.0;34.569926001617205
48169;40.46875;16;0.0;0.5454545454545454;0.18181818181818182;0.045454545454545456;0.0;0.0;0.09090909090909091;0.045454545454545456;0.0;0.09090909090909091;0.0;38.74665601628105
48205;24.603571428571428;56;0.0;0.3064516129032258;0.08064516129032258;0.016129032258064516;0.04838709677419355;0.0;0.016129032258064516;0.41935483870967744;0.0967741935483871;0.016129032258064516;0.0;29.502181213723638
48393;41.12;15;0.0;0.4666666666666667;0.0;0.0;0.26666666666666666;0.0;0.13333333333333333;0.06666666666666667;0.0;0.0;0.06666666666666667;37.86239854590356
48437;37.03333333333333;15;0.0;0.21052631578947367;0.42105263157894735;0.0;0.05263157894736842;0.0;0.15789473684210525;0.05263157894736842;0.10526315789473684;0.0;0.0;35.68887193064317
48675;36.07272727272727;11;0.0;0.06666666666666667;0.3333333333333333;0.06666666666666667;0.4;0.0;0.06666666666666667;0.06666666666666667;0.0;0.0;0.0;36.80807110467391
48677;32.375;16;0.0;0.125;0.3125;0.0;0.0;0.0;0.0625;0.5;0.0;0.0;0.0;35.04979290529238
48679;33.2;7;0.0;0.5;0.0;0.0;0.0;0.0;0.0;0.375;0.125;0.0;0.0;33.052018889891826
48950;38.67272727272727;11;0.08333333333333333;0.08333333333333333;0.5;0.08333333333333333;0.16666666666666666;0.0;0.0;0.08333333333333333;0.0;0.0;0.0;38.03703686684499
49054;37.43;30;0.0;0.4411764705882353;0.08823529411764706;0.0;0.11764705882352941;0.0;0.08823529411764706;0.17647058823529413;0.058823529411764705;0.0;0.029411764705882353;34.55250934479949
49071;33.44;10;0.0;0.15384615384615385;0.07692307692307693;0.0;0.07692307692307693;0.0;0.0;0.5384615384615384;0.15384615384615385;0.0;0.0;32.03135811079334
49343;30.544444444444448;27;0.0;0.20588235294117646;0.0;0.029411764705882353;0.058823529411764705;0.0;0.029411764705882353;0.5588235294117647;0.11764705882352941;0.0;0.0;32.00459773928699
49613;36.35;26;0.0;0.3235294117647059;0.17647058823529413;0.0;0.058823529411764705;0.029411764705882353;0.0;0.23529411764705882;0.14705882352941177;0.029411764705882353;0.0;34.08775686550598
4963;32.458333333333336;24;0.0;0.4074074074074074;0.037037037037037035;0.0;0.18518518518518517;0.0;0.14814814814814814;0.1111111111111111;0.037037037037037035;0.037037037037037035;0.037037037037037035;33.49397017304693
5000135;41.78169014084507;71;1.0;0.0;0.0;0.0;0.0;0.0;0.0;0.0;0.0;0.0;0.0;42.3127285162353
5000143;39.04642857142857;56;0.9692307692307692;0.0;0.0;0.0;0.0;0.0;0.015384615384615385;0.015384615384615385;0.0;0.0;0.0;42.8697537252137
5000154;24.63529411764706;17;0.0;0.5263157894736842;0.10526315789473684;0.0;0.0;0.0;0.05263157894736842;0.15789473684210525;0.15789473684210525;0.0;0.0;31.388407537416505
5000201;40.39677419354839;93;0.0;0.7913043478260869;0.05217391304347826;0.008695652173913044;0.05217391304347826;0.0;0.0;0.008695652173913044;0.05217391304347826;0.017391304347826087;0.017391304347826087;37.388155785787724
5000356;39.80352941176471;85;0.8804347826086957;0.0;0.0;0.0;0.0;0.0;0.021739130434782608;0.08695652173913043;0.0;0.010869565217391304;0.0;40.885987551858335
5000385;44.39767441860465;43;0.9361702127659575;0.0;0.0;0.0;0.02127659574468085;0.0;0.02127659574468085;0.02127659574468085;0.0;0.0;0.0;41.7249331490131
5000578;32.358823529411765;17;0.9;0.0;0.0;0.0;0.0;0.0;0.0;0.1;0.0;0.0;0.0;37.70837905848592
5001006;35.266666666666666;9;0.0;0.36363636363636365;0.2727272727272727;0.0;0.0;0.0;0.0;0.36363636363636365;0.0;0.0;0.0;36.28076850023317
50082;40.489999999999995;10;0.0;0.07142857142857142;0.14285714285714285;0.5;0.0;0.2857142857142857;0.0;0.0;0.0;0.0;0.0;37.513053998635705
50229;41.1625;8;0.0;0.1111111111111111;0.4444444444444444;0.0;0.0;0.2222222222222222;0.1111111111111111;0.1111111111111111;0.0;0.0;0.0;35.70872321895198
50250;45.898148148148145;54;0.0;0.17543859649122806;0.42105263157894735;0.10526315789473684;0.10526315789473684;0.10526315789473684;0.0;0.05263157894736842;0.017543859649122806;0.017543859649122806;0.0;42.488309770259356
50296;24.81463414634146;41;0.0;0.627906976744186;0.06976744186046512;0.0;0.023255813953488372;0.0;0.0;0.20930232558139536;0.0;0.06976744186046512;0.0;31.35832803938154
50364;38.72608695652174;23;0.0;0.5833333333333334;0.08333333333333333;0.0;0.041666666666666664;0.0;0.125;0.08333333333333333;0.041666666666666664;0.041666666666666664;0.0;37.528596082329436
50572;34.86896551724138;29;0.0;0.3548387096774194;0.16129032258064516;0.03225806451612903;0.03225806451612903;0.0;0.03225806451612903;0.1935483870967742;0.12903225806451613;0.06451612903225806;0.0;30.438994699068207
50582;31.477777777777778;36;0.023255813953488372;0.3023255813953488;0.11627906976744186;0.06976744186046512;0.023255813953488372;0.0;0.023255813953488372;0.23255813953488372;0.13953488372093023;0.046511627906976744;0.023255813953488372;29.694844527448492
50752;29.772727272727273;11;0.0;0.5;0.0;0.08333333333333333;0.0;0.0;0.0;0.3333333333333333;0.0;0.08333333333333333;0.0;34.15108275545383
50754;28.389473684210525;19;0.05;0.25;0.0;0.1;0.2;0.05;0.1;0.05;0.2;0.0;0.0;34.53675465818769
50760;35.26363636363636;11;0.0;0.3333333333333333;0.08333333333333333;0.16666666666666666;0.0;0.0;0.0;0.25;0.16666666666666666;0.0;0.0;32.279138487380735
5079;36.650877192982456;57;0.0;0.391304347826087;0.14492753623188406;0.028985507246376812;0.057971014492753624;0.0;0.014492753623188406;0.2753623188405797;0.057971014492753624;0.0;0.028985507246376812;34.09961149736871
50970;34.5;20;0.0;0.2727272727272727;0.4090909090909091;0.09090909090909091;0.09090909090909091;0.0;0.045454545454545456;0.09090909090909091;0.0;0.0;0.0;36.686243321848885
50981;31.93;10;0.0;0.0;0.1;0.4;0.2;0.3;0.0;0.0;0.0;0.0;0.0;36.79719894383506
51020;40.339999999999996;5;0.0;0.0;0.0;0.3333333333333333;0.0;0.6666666666666666;0.0;0.0;0.0;0.0;0.0;36.817303115788654
51050;34.86875;16;0.0;0.3125;0.125;0.1875;0.25;0.0;0.0;0.0625;0.0625;0.0;0.0;36.51556421110004
51139;30.666666666666668;30;0.0;0.45161290322580644;0.0967741935483871;0.0;0.0;0.03225806451612903;0.0;0.25806451612903225;0.06451612903225806;0.06451612903225806;0.03225806451612903;34.05169736298726
51180;33.75714285714286;14;0.0;0.07142857142857142;0.07142857142857142;0.21428571428571427;0.07142857142857142;0.0;0.0;0.21428571428571427;0.35714285714285715;0.0;0.0;32.02765417627373
51233;37.019999999999996;10;0.0;0.0;0.2727272727272727;0.0;0.0;0.09090909090909091;0.09090909090909091;0.18181818181818182;0.36363636363636365;0.0;0.0;33.46488363964148
51279;30.549999999999997;4;0.0;0.16666666666666666;0.0;0.0;0.8333333333333334;0.0;0.0;0.0;0.0;0.0;0.0;35.02986972551314
513;45.15555555555556;45;0.9824561403508771;0.0;0.0;0.0;0.0;0.0;0.0;0.017543859649122806;0.0;0.0;0.0;45.09109800046668
51307;43.980000000000004;5;0.0;0.16666666666666666;0.0;0.16666666666666666;0.0;0.16666666666666666;0.0;0.16666666666666666;0.3333333333333333;0.0;0.0;34.848641083185285
51527;37.18;5;0.0;0.0;0.2;0.0;0.2;0.2;0.0;0.0;0.4;0.0;0.0;37.27404863668838
51603;43.87777777777777;9;0.0;0.3333333333333333;0.0;0.1111111111111111;0.0;0.0;0.1111111111111111;0.2222222222222222;0.2222222222222222;0.0;0.0;33.23839077479587
52048;45.619512195121956;41;0.9772727272727273;0.0;0.0;0.0;0.0;0.0;0.0;0.0;0.022727272727272728;0.0;0.0;47.42123134640692
52210;36.71;10;0.0;0.1;0.8;0.0;0.1;0.0;0.0;0.0;0.0;0.0;0.0;36.31230223540911
5238;41.03333333333333;6;0.0;0.125;0.0;0.0;0.125;0.0;0.0;0.75;0.0;0.0;0.0;34.675840746760954
52665;38.093333333333334;15;0.0;0.8125;0.125;0.0;0.0;0.0;0.0;0.0625;0.0;0.0;0.0;39.027993346753426
52809;39.22105263157895;19;0.0;0.14285714285714285;0.6666666666666666;0.0;0.047619047619047616;0.047619047619047616;0.0;0.0;0.0;0.09523809523809523;0.0;39.26392895006887
53331;47.042857142857144;7;0.0;0.14285714285714285;0.14285714285714285;0.0;0.14285714285714285;0.0;0.0;0.2857142857142857;0.2857142857142857;0.0;0.0;32.1430947317507
53333;37.957142857142856;14;0.0;0.14285714285714285;0.2857142857142857;0.0;0.14285714285714285;0.0;0.0;0.2857142857142857;0.14285714285714285;0.0;0.0;33.42305278929588
53342;50.269999999999996;10;0.0;0.08333333333333333;0.3333333333333333;0.0;0.08333333333333333;0.0;0.08333333333333333;0.4166666666666667;0.0;0.0;0.0;35.20047228710289
53520;34.003571428571426;28;0.0;0.275;0.025;0.0;0.05;0.0;0.025;0.475;0.075;0.075;0.0;32.037639148060734
53788;23.37719298245614;57;0.0;0.5;0.125;0.0;0.03571428571428571;0.0;0.0;0.21428571428571427;0.03571428571428571;0.07142857142857142;0.017857142857142856;29.717416285471153
53898;32.1625;24;0.0;0.03571428571428571;0.21428571428571427;0.03571428571428571;0.10714285714285714;0.03571428571428571;0.0;0.39285714285714285;0.03571428571428571;0.10714285714285714;0.03571428571428571;34.7745348550726
54172;46.16923076923077;13;0.0;0.5714285714285714;0.0;0.0;0.14285714285714285;0.0;0.0;0.07142857142857142;0.21428571428571427;0.0;0.0;37.28639714148848
54520;44.431111111111115;45;1.0;0.0;0.0;0.0;0.0;0.0;0.0;0.0;0.0;0.0;0.0;42.3127285162353
54538;49.24285714285714;7;0.0;0.125;0.0;0.0;0.25;0.0;0.0;0.375;0.25;0.0;0.0;34.2010366188842
54792;26.616666666666664;6;0.0;0.0;0.0;0.0;0.0;0.0;0.16666666666666666;0.6666666666666666;0.16666666666666666;0.0;0.0;33.160271149139845
5485;29.0425;40;0.0;0.21428571428571427;0.023809523809523808;0.11904761904761904;0.07142857142857142;0.0;0.0;0.5;0.023809523809523808;0.023809523809523808;0.023809523809523808;32.95191994101022
54934;41.627272727272725;11;0.0;0.08333333333333333;0.08333333333333333;0.08333333333333333;0.3333333333333333;0.0;0.08333333333333333;0.3333333333333333;0.0;0.0;0.0;35.39842928471888
54961;39.406666666666666;15;0.0;0.35294117647058826;0.11764705882352941;0.058823529411764705;0.23529411764705882;0.0;0.058823529411764705;0.11764705882352941;0.0;0.0;0.058823529411764705;36.27198777665211
55096;29.86;15;0.0;0.5;0.1875;0.0;0.0625;0.0;0.0;0.125;0.0;0.125;0.0;32.90070711255787
55402;36.526666666666664;15;0.0;0.125;0.0;0.25;0.0625;0.25;0.0;0.25;0.0625;0.0;0.0;35.866360003433506
55777;38.84230769230769;26;0.0;0.2857142857142857;0.21428571428571427;0.0;0.07142857142857142;0.0;0.17857142857142858;0.17857142857142858;0.03571428571428571;0.03571428571428571;0.0;32.73729735331692
56172;40.252941176470586;17;0.0;0.23809523809523808;0.09523809523809523;0.0;0.38095238095238093;0.0;0.0;0.2857142857142857;0.0;0.0;0.0;36.06474176488093
56726;22.7;8;0.0;0.0;0.4444444444444444;0.1111111111111111;0.0;0.1111111111111111;0.1111111111111111;0.2222222222222222;0.0;0.0;0.0;34.65628249410645
56757;34.72;5;0.0;0.5;0.16666666666666666;0.0;0.16666666666666666;0.0;0.16666666666666666;0.0;0.0;0.0;0.0;37.332945489351694
56766;39.45384615384615;26;0.0;0.4444444444444444;0.2222222222222222;0.0;0.037037037037037035;0.0;0.0;0.037037037037037035;0.0;0.25925925925925924;0.0;39.344010734239
57174;39.92758620689656;58;0.0;0.24242424242424243;0.2727272727272727;0.21212121212121213;0.07575757575757576;0.06060606060606061;0.0;0.09090909090909091;0.0;0.045454545454545456;0.0;38.8108340265944
57178;32.371428571428574;14;0.0;0.25;0.125;0.0;0.0;0.0;0.0;0.625;0.0;0.0;0.0;34.998454987487506
57279;47.75;4;0.0;0.5;0.0;0.0;0.0;0.0;0.0;0.5;0.0;0.0;0.0;36.08940963224982
57458;37.30909090909091;33;0.0;0.5675675675675675;0.1891891891891892;0.0;0.0;0.0;0.0;0.21621621621621623;0.02702702702702703;0.0;0.0;34.66652247143052
57466;32.18;5;0.0;0.0;0.0;0.0;0.0;0.0;0.7142857142857143;0.14285714285714285;0.0;0.14285714285714285;0.0;34.63774065649485
57504;41.26666666666667;6;0.0;1.0;0.0;0.0;0.0;0.0;0.0;0.0;0.0;0.0;0.0;37.55206764710461
57606;32.71;10;1.0;0.0;0.0;0.0;0.0;0.0;0.0;0.0;0.0;0.0;0.0;42.3127285162353
57612;38.333333333333336;6;0.0;0.3333333333333333;0.0;0.0;0.5;0.0;0.0;0.16666666666666666;0.0;0.0;0.0;35.817033484318884
57702;41.546031746031744;63;0.0;0.4117647058823529;0.3382352941176471;0.029411764705882353;0.10294117647058823;0.014705882352941176;0.0;0.04411764705882353;0.029411764705882353;0.014705882352941176;0.014705882352941176;40.7923576464616
57820;30.94545454545454;11;0.0;0.0;0.07692307692307693;0.23076923076923078;0.15384615384615385;0.07692307692307693;0.07692307692307693;0.23076923076923078;0.07692307692307693;0.0;0.07692307692307693;33.92735979627681
57900;36.325;16;0.0;0.25;0.0;0.0625;0.125;0.0625;0.125;0.0625;0.1875;0.125;0.0;35.888326869846054
57906;42.1;2;0.0;0.5;0.0;0.0;0.0;0.0;0.0;0.5;0.0;0.0;0.0;36.08940963224982
57984;40.5656862745098;102;0.0;0.48333333333333334;0.175;0.10833333333333334;0.058333333333333334;0.025;0.0;0.058333333333333334;0.03333333333333333;0.05;0.008333333333333333;40.28166593131749
58006;40.18;10;0.0;0.7;0.0;0.1;0.0;0.0;0.2;0.0;0.0;0.0;0.0;37.077475196875326
5841;25.7140625;64;0.0;0.2714285714285714;0.1;0.07142857142857142;0.014285714285714285;0.0;0.014285714285714285;0.24285714285714285;0.2714285714285714;0.0;0.014285714285714285;29.80897794153127
58498;43.721739130434784;23;0.0;0.21739130434782608;0.30434782608695654;0.0;0.17391304347826086;0.0;0.0;0.0;0.043478260869565216;0.13043478260869565;0.13043478260869565;36.35060857558081
58808;24.65416666666667;24;0.034482758620689655;0.3103448275862069;0.2413793103448276;0.0;0.034482758620689655;0.0;0.034482758620689655;0.20689655172413793;0.13793103448275862;0.0;0.0;31.161374216381493
58928;33.96153846153846;39;0.0;0.1951219512195122;0.4634146341463415;0.0;0.0975609756097561;0.0;0.024390243902439025;0.17073170731707318;0.024390243902439025;0.024390243902439025;0.0;32.8180859918356
59001;27.275;4;0.0;0.25;0.0;0.25;0.0;0.5;0.0;0.0;0.0;0.0;0.0;38.29245344856333
59060;29.049999999999997;18;0.0;0.36363636363636365;0.09090909090909091;0.18181818181818182;0.045454545454545456;0.045454545454545456;0.09090909090909091;0.18181818181818182;0.0;0.0;0.0;35.43129311268432
59109;41.044444444444444;9;0.8888888888888888;0.0;0.0;0.0;0.0;0.0;0.0;0.1111111111111111;0.0;0.0;0.0;37.20498059145473
59122;40.28333333333333;18;0.0;0.15789473684210525;0.21052631578947367;0.0;0.42105263157894735;0.0;0.0;0.15789473684210525;0.05263157894736842;0.0;0.0;35.449064571772006
594;45.358139534883726;43;0.9545454545454546;0.0;0.0;0.0;0.0;0.0;0.0;0.045454545454545456;0.0;0.0;0.0;42.100194176820075
59523;33.944;25;0.0;0.06451612903225806;0.8709677419354839;0.0;0.06451612903225806;0.0;0.0;0.0;0.0;0.0;0.0;36.21429304792523
60406;38.43939393939394;33;0.9428571428571428;0.02857142857142857;0.0;0.0;0.02857142857142857;0.0;0.0;0.0;0.0;0.0;0.0;39.66258277598493
60428;27.58695652173913;23;0.9583333333333334;0.0;0.0;0.0;0.0;0.0;0.041666666666666664;0.0;0.0;0.0;0.0;36.380267695144774
60430;42.18260869565218;23;1.0;0.0;0.0;0.0;0.0;0.0;0.0;0.0;0.0;0.0;0.0;42.3127285162353
60462;27.5;21;1.0;0.0;0.0;0.0;0.0;0.0;0.0;0.0;0.0;0.0;0.0;42.3127285162353
60464;35.981818181818184;11;0.9333333333333333;0.0;0.0;0.0;0.0;0.0;0.0;0.06666666666666667;0.0;0.0;0.0;41.95215387126589
60560;34.59285714285714;14;1.0;0.0;0.0;0.0;0.0;0.0;0.0;0.0;0.0;0.0;0.0;42.3127285162353
60644;47.84782608695652;23;0.0;0.391304347826087;0.17391304347826086;0.0;0.17391304347826086;0.0;0.0;0.2608695652173913;0.0;0.0;0.0;36.57093574767221
60743;38.800000000000004;7;0.0;0.875;0.0;0.0;0.0;0.0;0.0;0.0;0.0;0.0;0.125;37.4661004093574
614;49.639240506329116;79;0.9651162790697675;0.011627906976744186;0.0;0.0;0.0;0.0;0.0;0.011627906976744186;0.011627906976744186;0.0;0.0;47.767461699353426
62382;35.02222222222222;9;0.8461538461538461;0.0;0.0;0.0;0.0;0.0;0.0;0.15384615384615385;0.0;0.0;0.0;35.94135758226544
62484;47.78863636363636;44;0.9574468085106383;0.0;0.0;0.0;0.0;0.0;0.0;0.0;0.0425531914893617;0.0;0.0;41.70412401927978
62538;33.910714285714285;28;0.0;0.14285714285714285;0.2571428571428571;0.22857142857142856;0.02857142857142857;0.08571428571428572;0.0;0.17142857142857143;0.05714285714285714;0.02857142857142857;0.0;35.847781519922876
63556;39.92413793103448;29;0.0;0.23333333333333334;0.16666666666666666;0.03333333333333333;0.16666666666666666;0.0;0.06666666666666667;0.1;0.16666666666666666;0.06666666666666667;0.0;31.983805761159662
63732;37.800000000000004;17;0.0;0.4444444444444444;0.1111111111111111;0.0;0.2777777777777778;0.0;0.1111111111111111;0.0;0.0;0.0;0.05555555555555555;37.35959177572714
63768;35.96521739130435;23;0.03571428571428571;0.21428571428571427;0.07142857142857142;0.0;0.07142857142857142;0.0;0.0;0.4642857142857143;0.10714285714285714;0.03571428571428571;0.0;30.481617987392248
63770;40.03888888888889;18;0.0;0.3;0.1;0.0;0.1;0.0;0.0;0.45;0.05;0.0;0.0;33.64718137979621
64020;27.45;6;0.0;0.4444444444444444;0.2222222222222222;0.0;0.3333333333333333;0.0;0.0;0.0;0.0;0.0;0.0;36.508600918911014
64061;38.510000000000005;10;0.0;0.6;0.0;0.0;0.2;0.0;0.0;0.0;0.0;0.1;0.1;38.00968142871369
64076;32.94166666666667;12;0.0;0.2857142857142857;0.21428571428571427;0.0;0.5;0.0;0.0;0.0;0.0;0.0;0.0;35.32133330870593
64162;34.392857142857146;14;0.0;0.5333333333333333;0.26666666666666666;0.0;0.13333333333333333;0.0;0.0;0.06666666666666667;0.0;0.0;0.0;38.974715683652306
64276;36.351724137931036;29;1.0;0.0;0.0;0.0;0.0;0.0;0.0;0.0;0.0;0.0;0.0;42.3127285162353
64278;38.665217391304346;23;0.0;0.0;0.92;0.0;0.04;0.0;0.0;0.04;0.0;0.0;0.0;38.70253034275815
64288;30.627777777777776;18;0.95;0.05;0.0;0.0;0.0;0.0;0.0;0.0;0.0;0.0;0.0;39.32784725770956
64664;41.486046511627904;43;0.0;0.21153846153846154;0.17307692307692307;0.0;0.25;0.019230769230769232;0.23076923076923078;0.038461538461538464;0.019230769230769232;0.038461538461538464;0.019230769230769232;38.26202781965205
64754;36.227999999999994;25;0.0;0.3;0.0;0.0;0.0;0.0;0.03333333333333333;0.36666666666666664;0.3;0.0;0.0;32.07805811489939
64776;44.1;11;0.0;0.38461538461538464;0.0;0.0;0.0;0.0;0.0;0.5384615384615384;0.0;0.07692307692307693;0.0;34.27935796769939
64877;33.1125;16;0.0;0.6666666666666666;0.1111111111111111;0.1111111111111111;0.05555555555555555;0.0;0.0;0.0;0.0;0.0;0.05555555555555555;37.501739550434536
6491;49.23888888888889;18;0.0;0.3333333333333333;0.3888888888888889;0.0;0.05555555555555555;0.1111111111111111;0.0;0.05555555555555555;0.0;0.05555555555555555;0.0;42.24992481009699
64972;38.34705882352941;17;0.03571428571428571;0.32142857142857145;0.35714285714285715;0.03571428571428571;0.03571428571428571;0.0;0.07142857142857142;0.10714285714285714;0.03571428571428571;0.0;0.0;33.73704349362882
65361;53.15675675675676;37;0.925;0.0;0.0;0.0;0.0;0.0;0.0;0.075;0.0;0.0;0.0;41.87030599658016
65409;38.526666666666664;15;0.0;0.0;0.0;0.0625;0.125;0.0;0.0;0.75;0.0625;0.0;0.0;34.755518926857484
65440;29.144444444444446;18;0.0;0.15789473684210525;0.0;0.0;0.42105263157894735;0.0;0.0;0.42105263157894735;0.0;0.0;0.0;34.61996196401136
65614;47.728571428571435;7;0.0;0.625;0.0;0.0;0.0;0.0;0.125;0.125;0.0;0.125;0.0;34.42165276780179
65863;38.59583333333333;24;0.0;0.36;0.0;0.0;0.2;0.0;0.2;0.16;0.08;0.0;0.0;34.590629935455325
65878;29.15833333333333;108;0.008064516129032258;0.4032258064516129;0.11290322580645161;0.008064516129032258;0.04032258064516129;0.0;0.024193548387096774;0.23387096774193547;0.14516129032258066;0.0;0.024193548387096774;30.117270092971935
65890;27.068115942028985;69;0.0;0.5064935064935064;0.11688311688311688;0.0;0.05194805194805195;0.0;0.012987012987012988;0.12987012987012986;0.14285714285714285;0.03896103896103896;0.0;29.28061341252499
66234;39.21666666666667;12;0.0;0.25;0.08333333333333333;0.0;0.08333333333333333;0.0;0.3333333333333333;0.08333333333333333;0.16666666666666666;0.0;0.0;35.61557688590128
66272;25.907500000000002;120;0.022058823529411766;0.5514705882352942;0.16176470588235295;0.029411764705882353;0.014705882352941176;0.014705882352941176;0.007352941176470588;0.15441176470588236;0.014705882352941176;0.007352941176470588;0.022058823529411766;28.736858375841784
66911;30.214999999999996;20;0.0;0.16666666666666666;0.041666666666666664;0.0;0.08333333333333333;0.0;0.125;0.20833333333333334;0.375;0.0;0.0;31.627499263711034
67092;33.94285714285714;7;0.08333333333333333;0.5833333333333334;0.08333333333333333;0.0;0.0;0.0;0.0;0.16666666666666666;0.0;0.08333333333333333;0.0;31.99725242100028
67299;39.5;5;0.0;0.5;0.16666666666666666;0.3333333333333333;0.0;0.0;0.0;0.0;0.0;0.0;0.0;36.93412711528507
6756;40.01923076923077;26;0.0;0.5714285714285714;0.07142857142857142;0.0;0.21428571428571427;0.0;0.0;0.03571428571428571;0.03571428571428571;0.07142857142857142;0.0;39.486428934971165
67601;39.327777777777776;18;0.0;0.14285714285714285;0.14285714285714285;0.0;0.38095238095238093;0.047619047619047616;0.0;0.19047619047619047;0.09523809523809523;0.0;0.0;35.479356973086865
67785;32.24285714285714;7;0.0;0.3;0.4;0.0;0.0;0.0;0.0;0.2;0.1;0.0;0.0;32.83928589616046
67934;33.01176470588236;17;0.0;0.4090909090909091;0.09090909090909091;0.0;0.045454545454545456;0.0;0.045454545454545456;0.3181818181818182;0.0;0.09090909090909091;0.0;32.38907258976197
68321;34.388888888888886;9;0.8888888888888888;0.0;0.0;0.0;0.0;0.0;0.0;0.1111111111111111;0.0;0.0;0.0;37.20498059145473
68375;31.639999999999997;5;0.0;0.2;0.2;0.0;0.2;0.0;0.0;0.4;0.0;0.0;0.0;35.6374536377308
6847;31.900000000000002;7;0.0;0.7142857142857143;0.2857142857142857;0.0;0.0;0.0;0.0;0.0;0.0;0.0;0.0;37.70013182503974
68597;39.48461538461538;13;0.0;0.0;0.0;0.13333333333333333;0.0;0.0;0.6666666666666666;0.13333333333333333;0.0;0.06666666666666667;0.0;35.25052113787521
68930;41.51538461538462;13;0.0;0.3076923076923077;0.07692307692307693;0.07692307692307693;0.15384615384615385;0.07692307692307693;0.0;0.15384615384615385;0.15384615384615385;0.0;0.0;32.962148718837206
69764;27.60641025641026;78;0.0;0.3888888888888889;0.1111111111111111;0.011111111111111112;0.022222222222222223;0.0;0.011111111111111112;0.35555555555555557;0.07777777777777778;0.022222222222222223;0.0;29.64231228290791
69815;28.89591836734694;49;0.0;0.38181818181818183;0.05454545454545454;0.0;0.03636363636363636;0.0;0.0;0.32727272727272727;0.16363636363636364;0.01818181818181818;0.01818181818181818;30.519329659325713
69825;27.764864864864865;37;0.0;0.4418604651162791;0.16279069767441862;0.023255813953488372;0.023255813953488372;0.0;0.09302325581395349;0.09302325581395349;0.13953488372093023;0.023255813953488372;0.0;30.791361453459466
69853;29.00277777777778;108;0.016;0.48;0.112;0.008;0.032;0.0;0.008;0.128;0.2;0.008;0.008;29.872605266593403
703;53.59375;32;0.9714285714285714;0.0;0.0;0.0;0.0;0.0;0.0;0.0;0.02857142857142857;0.0;0.0;47.449023989606715
70520;30.266666666666666;6;0.0;0.0;0.0;0.0;0.16666666666666666;0.0;0.0;0.8333333333333334;0.0;0.0;0.0;35.506915996249546
71255;37.916666666666664;6;0.0;0.0;0.3333333333333333;0.0;0.3333333333333333;0.0;0.16666666666666666;0.16666666666666666;0.0;0.0;0.0;34.80300516844292
71305;35.53333333333333;36;0.0;0.47368421052631576;0.02631578947368421;0.07894736842105263;0.02631578947368421;0.0;0.0;0.2631578947368421;0.0;0.13157894736842105;0.0;34.046258346687665
71407;36.644;25;0.0;0.0;0.23076923076923078;0.0;0.038461538461538464;0.0;0.0;0.5;0.19230769230769232;0.038461538461538464;0.0;32.04114031393149
7142;26.155555555555555;45;0.0196078431372549;0.6078431372549019;0.1568627450980392;0.0;0.0196078431372549;0.0;0.0;0.09803921568627451;0.0;0.0784313725490196;0.0196078431372549;30.461284292177393
71851;36.7;8;0.0;0.7777777777777778;0.0;0.0;0.2222222222222222;0.0;0.0;0.0;0.0;0.0;0.0;37.5132827490971
72331;25.080000000000002;40;0.0;0.5652173913043478;0.08695652173913043;0.043478260869565216;0.06521739130434782;0.0;0.0;0.13043478260869565;0.021739130434782608;0.06521739130434782;0.021739130434782608;29.248935877084687
72623;43.5;6;0.0;0.5714285714285714;0.0;0.0;0.14285714285714285;0.0;0.0;0.0;0.2857142857142857;0.0;0.0;36.943975278564245
7292;29.349999999999998;46;0.0;0.49019607843137253;0.0784313725490196;0.0;0.058823529411764705;0.0;0.0;0.19607843137254902;0.11764705882352941;0.058823529411764705;0.0;29.83873306978983
7301;32.48571428571429;14;0.0625;0.4375;0.0;0.0;0.125;0.0;0.125;0.125;0.125;0.0;0.0;32.671316104943465
73062;32.65294117647059;34;0.0;0.1282051282051282;0.10256410256410256;0.0;0.20512820512820512;0.0;0.07692307692307693;0.3076923076923077;0.15384615384615385;0.02564102564102564;0.0;31.357695403159966
73140;40.440000000000005;15;0.0;0.0625;0.125;0.0;0.625;0.0625;0.0;0.0;0.0625;0.0625;0.0;36.666068948705394
73519;32.63333333333333;3;0.0;0.0;0.0;0.0;0.0;0.0;0.0;1.0;0.0;0.0;0.0;35.93631607446735
74586;35.72;10;0.08333333333333333;0.08333333333333333;0.0;0.0;0.0;0.0;0.08333333333333333;0.5833333333333334;0.16666666666666666;0.0;0.0;32.393526956385955
74737;31.38888888888889;18;0.0;0.05;0.45;0.1;0.05;0.0;0.0;0.1;0.15;0.05;0.05;32.730891886811406
7511;41.43125;80;0.0;0.6732673267326733;0.15841584158415842;0.04950495049504951;0.04950495049504951;0.0;0.009900990099009901;0.04950495049504951;0.009900990099009901;0.0;0.0;39.666916760042504
7523;47.29705882352941;34;0.0;0.20512820512820512;0.4358974358974359;0.23076923076923078;0.05128205128205128;0.05128205128205128;0.0;0.0;0.0;0.02564102564102564;0.0;40.66517679851311
75266;30.962962962962962;27;0.0;0.5483870967741935;0.0967741935483871;0.0;0.06451612903225806;0.0;0.03225806451612903;0.12903225806451613;0.06451612903225806;0.06451612903225806;0.0;29.95121331045181
75457;33.7484375;64;0.014492753623188406;0.08695652173913043;0.30434782608695654;0.07246376811594203;0.028985507246376812;0.014492753623188406;0.014492753623188406;0.42028985507246375;0.043478260869565216;0.0;0.0;33.83771947137954
778;43.395833333333336;24;0.8888888888888888;0.037037037037037035;0.0;0.0;0.0;0.0;0.037037037037037035;0.0;0.037037037037037035;0.0;0.0;40.328077423142396
7839;42.739999999999995;10;1.0;0.0;0.0;0.0;0.0;0.0;0.0;0.0;0.0;0.0;0.0;42.3127285162353
79349;41.22;20;0.0;0.4230769230769231;0.07692307692307693;0.0;0.11538461538461539;0.0;0.2692307692307692;0.0;0.07692307692307693;0.0;0.038461538461538464;35.982627416443876
79355;30.3625;24;0.0;0.2916666666666667;0.20833333333333334;0.08333333333333333;0.125;0.041666666666666664;0.0;0.16666666666666666;0.0;0.08333333333333333;0.0;35.72444408135276
79930;39.47777777777778;9;0.0;0.0;0.2;0.1;0.1;0.1;0.0;0.5;0.0;0.0;0.0;35.071580629226
80073;37.61538461538461;13;0.0;0.23076923076923078;0.15384615384615385;0.0;0.0;0.0;0.15384615384615385;0.3076923076923077;0.15384615384615385;0.0;0.0;32.65374498264559
80779;44.95111111111111;45;0.8723404255319149;0.02127659574468085;0.0;0.0;0.0;0.0;0.0;0.0851063829787234;0.02127659574468085;0.0;0.0;41.67706300676566
81210;37.516666666666666;6;0.0;0.3333333333333333;0.3333333333333333;0.0;0.16666666666666666;0.0;0.0;0.16666666666666666;0.0;0.0;0.0;36.32655205186316
82748;42.4;8;0.0;0.25;0.0;0.0;0.0;0.0;0.0;0.125;0.625;0.0;0.0;32.67967687903814
82799;39.87692307692308;39;0.9148936170212766;0.0;0.0;0.0;0.0;0.0;0.02127659574468085;0.0425531914893617;0.02127659574468085;0.0;0.0;42.07464932514648
83294;26.95;2;0.0;0.5;0.0;0.0;0.0;0.0;0.0;0.0;0.0;0.5;0.0;37.550120348659114
83388;32.28636363636363;22;0.0;0.625;0.0;0.041666666666666664;0.041666666666666664;0.08333333333333333;0.0;0.16666666666666666;0.0;0.0;0.041666666666666664;36.02351221140364
8340;36.208333333333336;36;0.05555555555555555;0.5833333333333334;0.2222222222222222;0.0;0.0;0.0;0.0;0.027777777777777776;0.0;0.08333333333333333;0.027777777777777776;38.87289997648689
83710;34.43125;16;0.9;0.0;0.0;0.0;0.0;0.0;0.05;0.05;0.0;0.0;0.0;38.10576259602538
83894;37.114285714285714;14;0.0;0.7142857142857143;0.21428571428571427;0.0;0.0;0.0;0.07142857142857142;0.0;0.0;0.0;0.0;37.39214941069204
84425;46.4;2;0.0;0.25;0.25;0.5;0.0;0.0;0.0;0.0;0.0;0.0;0.0;36.61041703283192
84653;40.33913043478261;23;0.0;0.5483870967741935;0.3225806451612903;0.03225806451612903;0.0;0.0;0.0;0.03225806451612903;0.03225806451612903;0.03225806451612903;0.0;39.90728104183638
85146;26.88888888888889;9;0.0;0.1111111111111111;0.0;0.5555555555555556;0.1111111111111111;0.1111111111111111;0.0;0.0;0.1111111111111111;0.0;0.0;36.53151828026722
85640;45.74814814814815;27;0.9642857142857143;0.0;0.0;0.0;0.0;0.0;0.03571428571428571;0.0;0.0;0.0;0.0;41.68931927983691
85783;48.92049180327869;122;0.9694656488549618;0.0;0.0;0.0;0.0;0.0;0.007633587786259542;0.022900763358778626;0.0;0.0;0.0;44.61088578977588
86326;39.4;12;0.9230769230769231;0.0;0.0;0.0;0.0;0.0;0.0;0.07692307692307693;0.0;0.0;0.0;41.857151681053686
865;38.27777777777778;36;0.0;0.7368421052631579;0.0;0.05263157894736842;0.05263157894736842;0.0;0.0;0.05263157894736842;0.0;0.05263157894736842;0.05263157894736842;39.39792098195222
86972;38.08888888888889;9;0.0;0.6666666666666666;0.0;0.0;0.0;0.0;0.0;0.2222222222222222;0.0;0.1111111111111111;0.0;33.966057838551215
87195;51.779629629629625;54;1.0;0.0;0.0;0.0;0.0;0.0;0.0;0.0;0.0;0.0;0.0;42.3127285162353
87384;30.84193548387097;31;0.0;0.6857142857142857;0.17142857142857143;0.11428571428571428;0.0;0.0;0.0;0.02857142857142857;0.0;0.0;0.0;38.20671511556483
87396;40.09166666666666;12;1.0;0.0;0.0;0.0;0.0;0.0;0.0;0.0;0.0;0.0;0.0;42.3127285162353
88068;29.866666666666667;9;0.0;0.2;0.2;0.0;0.2;0.0;0.0;0.2;0.2;0.0;0.0;33.38409773964959
88084;28.21578947368421;38;0.0;0.21951219512195122;0.0975609756097561;0.0;0.0975609756097561;0.0;0.0;0.4634146341463415;0.07317073170731707;0.04878048780487805;0.0;30.631142607132748
88180;38.675;4;0.0;0.25;0.375;0.0;0.375;0.0;0.0;0.0;0.0;0.0;0.0;36.52169773049984
88258;39.93333333333333;18;0.0;0.5;0.16666666666666666;0.0;0.0;0.0;0.0;0.2222222222222222;0.0;0.1111111111111111;0.0;33.17622326588691
88380;33.135416666666664;48;0.038461538461538464;0.40384615384615385;0.1346153846153846;0.07692307692307693;0.0;0.0;0.019230769230769232;0.17307692307692307;0.1346153846153846;0.019230769230769232;0.0;30.64118124560545
88772;28.60666666666667;15;0.0;0.058823529411764705;0.058823529411764705;0.29411764705882354;0.0;0.0;0.0;0.4117647058823529;0.058823529411764705;0.11764705882352941;0.0;33.604338454830675
88988;33.125;4;0.0;0.25;0.25;0.0;0.0;0.0;0.0;0.0;0.25;0.25;0.0;34.90006066104048
89012;36.916666666666664;18;0.0;0.6666666666666666;0.041666666666666664;0.0;0.0;0.0;0.0;0.25;0.041666666666666664;0.0;0.0;35.20746162549344
89064;27.28846153846154;26;0.0;0.5;0.10714285714285714;0.10714285714285714;0.0;0.0;0.0;0.21428571428571427;0.03571428571428571;0.03571428571428571;0.0;30.579279122181376
8913;33.93076923076923;13;0.0;0.17647058823529413;0.17647058823529413;0.0;0.058823529411764705;0.0;0.0;0.5294117647058824;0.0;0.058823529411764705;0.0;32.40116892427539
90030;38.47391304347826;23;0.0;0.08;0.08;0.44;0.12;0.28;0.0;0.0;0.0;0.0;0.0;37.59645620574579
90428;35.47826086956522;23;0.0;0.4074074074074074;0.18518518518518517;0.14814814814814814;0.07407407407407407;0.037037037037037035;0.0;0.037037037037037035;0.037037037037037035;0.07407407407407407;0.0;40.00511601555362
90875;23.5;12;0.0;0.16666666666666666;0.0;0.0;0.16666666666666666;0.0;0.0;0.6666666666666666;0.0;0.0;0.0;34.02041980330241
90887;23.95;8;0.0;0.0;0.1111111111111111;0.1111111111111111;0.0;0.0;0.0;0.6666666666666666;0.0;0.1111111111111111;0.0;33.17067022773768
91017;33.105555555555554;18;0.0;0.15789473684210525;0.15789473684210525;0.10526315789473684;0.0;0.0;0.0;0.5263157894736842;0.0;0.05263157894736842;0.0;32.78257410036494
91067;34.142857142857146;14;0.0;0.25;0.0;0.0;0.0;0.0;0.0625;0.6875;0.0;0.0;0.0;34.75835775017561
91181;32.050000000000004;12;0.0;0.25;0.16666666666666666;0.16666666666666666;0.16666666666666666;0.08333333333333333;0.0;0.16666666666666666;0.0;0.0;0.0;36.21248460799826
91195;28.01;10;0.0;0.6;0.1;0.0;0.3;0.0;0.0;0.0;0.0;0.0;0.0;37.44257474702028
91262;43.32;5;1.0;0.0;0.0;0.0;0.0;0.0;0.0;0.0;0.0;0.0;0.0;42.3127285162353
91431;38.9695652173913;23;0.0;0.041666666666666664;0.16666666666666666;0.3333333333333333;0.041666666666666664;0.125;0.0;0.125;0.16666666666666666;0.0;0.0;35.369315411396
92001;30.42105263157895;57;0.0;0.19047619047619047;0.15873015873015872;0.0;0.14285714285714285;0.0;0.0;0.4603174603174603;0.0;0.047619047619047616;0.0;32.39232960998138
92080;27.419999999999998;10;0.0;0.18181818181818182;0.0;0.0;0.2727272727272727;0.0;0.09090909090909091;0.36363636363636365;0.09090909090909091;0.0;0.0;34.4959320511022
92988;33.480000000000004;10;0.0;0.0;0.16666666666666666;0.08333333333333333;0.16666666666666666;0.0;0.0;0.5833333333333334;0.0;0.0;0.0;34.38465292681126
9302;32.97741935483871;31;0.0;0.24324324324324326;0.7027027027027027;0.0;0.02702702702702703;0.0;0.0;0.0;0.02702702702702703;0.0;0.0;36.72694915233747
9311;35.14375;32;0.0;0.3157894736842105;0.5;0.02631578947368421;0.10526315789473684;0.02631578947368421;0.0;0.0;0.0;0.0;0.02631578947368421;38.457560443916485
9414;34.23571428571429;28;0.0;0.034482758620689655;0.6206896551724138;0.0;0.10344827586206896;0.0;0.0;0.1724137931034483;0.0;0.06896551724137931;0.0;33.882747939732255
94227;28.681818181818183;11;0.0;0.0;0.07692307692307693;0.0;0.15384615384615385;0.0;0.07692307692307693;0.6153846153846154;0.0;0.07692307692307693;0.0;31.58681088117922
9425;31.05909090909091;22;0.038461538461538464;0.07692307692307693;0.7307692307692307;0.0;0.11538461538461539;0.0;0.0;0.038461538461538464;0.0;0.0;0.0;37.48729044079004
9440;43.586666666666666;15;0.0;0.2777777777777778;0.5;0.0;0.16666666666666666;0.0;0.0;0.05555555555555555;0.0;0.0;0.0;39.61900593948258
94762;34.696666666666665;90;0.0;0.4842105263157895;0.17894736842105263;0.0;0.06315789473684211;0.0;0.0;0.11578947368421053;0.14736842105263157;0.010526315789473684;0.0;32.05602009041813
95017;41.13181818181818;44;1.0;0.0;0.0;0.0;0.0;0.0;0.0;0.0;0.0;0.0;0.0;42.3127285162353
95175;36.7;42;0.0;0.11538461538461539;0.19230769230769232;0.1346153846153846;0.34615384615384615;0.057692307692307696;0.057692307692307696;0.09615384615384616;0.0;0.0;0.0;35.73623578376004
95489;30.96;25;0.0;0.08;0.16;0.12;0.12;0.08;0.0;0.4;0.0;0.04;0.0;35.76001327556053
95506;34.38235294117647;17;0.0;0.10526315789473684;0.0;0.0;0.0;0.10526315789473684;0.05263157894736842;0.631578947368421;0.05263157894736842;0.05263157894736842;0.0;34.919960275184124
95706;45.75;4;1.0;0.0;0.0;0.0;0.0;0.0;0.0;0.0;0.0;0.0;0.0;42.3127285162353
96442;26.552941176470586;17;0.0;0.29411764705882354;0.17647058823529413;0.0;0.058823529411764705;0.0;0.0;0.47058823529411764;0.0;0.0;0.0;35.248279832776696
968;34.39866666666667;75;0.012658227848101266;0.6708860759493671;0.06329113924050633;0.0;0.10126582278481013;0.0;0.0;0.08860759493670886;0.05063291139240506;0.0;0.012658227848101266;35.64998967919719
96951;42.07073170731707;41;0.9791666666666666;0.0;0.0;0.0;0.0;0.0;0.0;0.020833333333333332;0.0;0.0;0.0;45.028626869337295
97089;32.06;5;0.0;0.16666666666666666;0.0;0.0;0.16666666666666666;0.0;0.0;0.3333333333333333;0.16666666666666666;0.16666666666666666;0.0;31.905457598636517
97443;43.69565217391305;23;0.0;0.20833333333333334;0.16666666666666666;0.041666666666666664;0.16666666666666666;0.0;0.0;0.4166666666666667;0.0;0.0;0.0;35.944418428747696
97637;42.483333333333334;12;0.0;0.5384615384615384;0.0;0.07692307692307693;0.23076923076923078;0.07692307692307693;0.0;0.0;0.0;0.07692307692307693;0.0;39.72932384351064
97778;40.61785714285714;28;1.0;0.0;0.0;0.0;0.0;0.0;0.0;0.0;0.0;0.0;0.0;42.3127285162353
98013;40.766666666666666;6;0.0;0.16666666666666666;0.16666666666666666;0.0;0.3333333333333333;0.0;0.0;0.16666666666666666;0.16666666666666666;0.0;0.0;34.20243327461307
98305;38.550000000000004;22;1.0;0.0;0.0;0.0;0.0;0.0;0.0;0.0;0.0;0.0;0.0;42.3127285162353
98595;41.17551020408163;49;0.0;0.23076923076923078;0.046153846153846156;0.06153846153846154;0.1076923076923077;0.046153846153846156;0.03076923076923077;0.47692307692307695;0.0;0.0;0.0;36.47316136257319
98665;27.10666666666667;15;1.0;0.0;0.0;0.0;0.0;0.0;0.0;0.0;0.0;0.0;0.0;42.3127285162353
98764;24.529411764705884;17;0.0;0.1875;0.125;0.0;0.0;0.0;0.0;0.125;0.5625;0.0;0.0;31.943691443988246
98918;34.47894736842105;38;0.8809523809523809;0.0;0.0;0.0;0.0;0.0;0.0;0.11904761904761904;0.0;0.0;0.0;36.321908778577125
98957;26.214285714285715;14;0.0;0.5;0.0;0.0;0.3333333333333333;0.0;0.16666666666666666;0.0;0.0;0.0;0.0;35.70439458524001
99406;48.96;15;1.0;0.0;0.0;0.0;0.0;0.0;0.0;0.0;0.0;0.0;0.0;42.3127285162353
99820;45.4;19;0.0;0.1724137931034483;0.4827586206896552;0.034482758620689655;0.20689655172413793;0.034482758620689655;0.06896551724137931;0.0;0.0;0.0;0.0;38.97195782007646
